Date,Open,High,Low,Close,Volume,Dividends,Stock Splits
2008-01-03,1368.99,1368.99,1368.99,1368.99,0,0,0
2008-01-04,1365.59,1365.59,1365.59,1365.59,0,0,0
2008-01-10,1347.97,1347.97,1347.97,1347.97,0,0,0
2008-01-14,1385.91,1385.91,1385.91,1385.91,0,0,0
2008-02-06,1283.79,1283.79,1283.79,1283.79,0,0,0
2008-02-13,1262.88,1262.88,1262.88,1262.88,0,0,0
2008-02-15,1258.67,1258.67,1258.67,1258.67,0,0,0
2008-02-19,1273.66,1273.66,1273.66,1273.66,0,0,0
2008-03-03,1269.31,1269.31,1269.31,1269.31,0,0,0
2008-03-04,1260.96,1260.96,1260.96,1260.96,0,0,0
2008-03-10,1142.05,1142.05,1142.05,1142.05,0,0,0
2008-03-19,1059.95,1059.95,1059.95,1059.95,0,0,0
2008-03-20,1062.75,1062.75,1062.75,1062.75,0,0,0
2008-03-24,1062.75,1062.75,1062.75,1062.75,0,0,0
2008-03-27,1104.29,1104.29,1104.29,1104.29,0,0,0
2008-04-03,1085.42,1085.42,1085.42,1085.42,0,0,0
2008-04-11,1047.16,1047.16,1047.16,1047.16,0,0,0
2008-04-23,1053.39,1053.39,1053.39,1053.39,0,0,0
2008-04-24,1045.93,1045.93,1045.93,1045.93,0,0,0
2008-04-29,1033.79,1033.79,1033.79,1033.79,0,0,0
2008-05-16,1156.59,1156.59,1156.59,1156.59,0,0,0
2008-06-02,1107.89,1107.89,1107.89,1107.89,0,0,0
2008-06-03,1117.65,1117.65,1117.65,1117.65,0,0,0
2008-06-23,1224.05,1224.05,1224.05,1224.05,0,0,0
2008-06-30,1227.14,1227.14,1227.14,1227.14,0,0,0
2008-07-03,1175.25,1175.25,1175.25,1175.25,0,0,0
2008-07-07,1124.4,1124.4,1124.4,1124.4,0,0,0
2008-07-31,1043.32,1043.32,1043.32,1043.32,0,0,0
2008-10-01,610.25,610.25,610.25,610.25,0,0,0
2008-10-15,462.54,462.54,462.54,462.54,0,0,0
2008-10-20,426.4,426.4,426.4,426.4,0,0,0
2008-11-19,275.74,275.74,275.74,275.74,0,0,0
2008-12-01,246.6,246.6,246.6,246.6,0,0,0
2008-12-03,236.34,236.34,236.34,236.34,0,0,0
2008-12-15,251.69,251.69,251.69,251.69,0,0,0
2008-12-17,257.58,257.58,257.58,257.58,0,0,0
2008-12-19,253.72,253.72,253.72,253.72,0,0,0
2009-01-12,244.11,244.11,244.11,244.11,0,0,0
2009-01-16,236.72,236.72,236.72,236.72,0,0,0
2009-01-22,234.01,234.01,234.01,234.01,0,0,0
2009-02-02,234.03,234.03,234.03,234.03,0,0,0
2009-03-04,167.96,167.96,167.96,167.96,0,0,0
2009-03-17,162.79,162.79,162.79,162.79,0,0,0
2009-04-22,176.76,176.76,176.76,176.76,0,0,0
2009-04-24,181.05,181.05,181.05,181.05,0,0,0
2009-05-12,240.0,240.0,240.0,240.0,0,0,0
2009-05-21,285.64,285.64,285.64,285.64,0,0,0
2009-06-01,291.9,291.9,291.9,291.9,0,0,0
2009-06-16,271.15,271.15,271.15,271.15,0,0,0
2009-06-18,275.25,275.25,275.25,275.25,0,0,0
2009-06-24,271.09,271.09,271.09,271.09,0,0,0
2009-06-26,271.69,271.69,271.69,271.69,0,0,0
2009-07-02,274.42,274.42,274.42,274.42,0,0,0
2009-07-16,267.1,267.1,267.1,267.1,0,0,0
2009-07-17,276.19,276.19,276.19,276.19,0,0,0
2009-07-20,283.61,283.61,283.61,283.61,0,0,0
2009-07-21,291.91,291.91,291.91,291.91,0,0,0
2009-07-27,281.82,281.82,281.82,281.82,0,0,0
2009-08-04,291.0,291.0,291.0,291.0,0,0,0
2009-08-06,304.61,304.61,304.61,304.61,0,0,0
2009-08-11,296.83,296.83,296.83,296.83,0,0,0
2009-08-21,325.06,325.06,325.06,325.06,0,0,0
2009-08-26,356.43,356.43,356.43,356.43,0,0,0
2009-08-27,345.42,345.42,345.42,345.42,0,0,0
2009-09-04,345.82,345.82,345.82,345.82,0,0,0
2009-09-09,376.46,376.46,376.46,376.46,0,0,0
2009-09-15,394.69,394.69,394.69,394.69,0,0,0
2009-09-30,418.94,418.94,418.94,418.94,0,0,0
2009-10-21,428.39,428.39,428.39,428.39,0,0,0
2009-11-10,397.16,397.16,397.16,397.16,0,0,0
2009-11-13,379.66,379.66,379.66,379.66,0,0,0
2009-12-03,361.32,361.32,361.32,361.32,0,0,0
2009-12-17,0.64,0.73,0.64,0.64,0,0,0
2009-12-18,0.63,0.63,0.63,0.63,0,0,0
2009-12-21,0.64,0.77,0.64,0.64,0,0,0
2009-12-22,307.48,307.48,307.48,307.48,0,0,0
2009-12-23,0.71,0.71,0.71,0.71,0,0,0
2009-12-28,0.95,0.95,0.84,0.84,0,0,0
2009-12-29,312.92,312.92,312.92,312.92,0,0,0
2009-12-30,0.8,0.8,0.8,0.8,0,0,0
2010-01-04,0.74,0.76,0.74,0.74,0,0,0
2010-01-05,0.74,0.74,0.74,0.74,0,0,0
2010-01-06,0.75,0.79,0.75,0.75,0,0,0
2010-01-07,0.76,0.76,0.75,0.75,0,0,0
2010-01-08,0.76,0.84,0.76,0.76,0,0,0
2010-01-11,0.77,0.77,0.77,0.77,0,0,0
2010-01-12,0.82,0.82,0.82,0.82,0,0,0
2010-01-13,0.78,0.78,0.78,0.78,0,0,0
2010-01-14,0.79,0.85,0.79,0.79,0,0,0
2010-01-15,0.8,0.8,0.8,0.8,0,0,0
2010-01-19,0.89,1.02,0.89,0.89,0,0,0
2010-01-20,1.0,1.0,1.0,1.0,0,0,0
2010-01-21,321.98,321.98,321.98,321.98,0,0,0
2010-01-22,0.94,0.94,0.94,0.94,0,0,0
2010-01-25,0.96,0.96,0.96,0.96,0,0,0
2010-01-26,318.45,318.45,318.45,318.45,0,0,0
2010-01-27,1.02,1.02,1.02,1.02,0,0,0
2010-01-28,1.01,1.01,1.01,1.01,0,0,0
2010-01-29,0.96,0.99,0.96,0.99,0,0,0
2010-02-01,0.94,0.98,0.94,0.98,0,0,0
2010-02-02,315.03,315.03,315.03,315.03,0,0,0
2010-02-03,0.93,0.93,0.93,0.93,0,0,0
2010-02-04,0.93,0.93,0.93,0.93,0,0,0
2010-02-05,0.9,0.93,0.9,0.93,0,0,0
2010-02-08,309.96,309.96,309.96,309.96,0,0,0
2010-02-09,0.9,0.9,0.9,0.9,0,0,0
2010-02-10,0.94,0.94,0.94,0.94,0,0,0
2010-02-11,319.13,319.13,319.13,319.13,0,0,0
2010-02-12,0.99,0.99,0.99,0.99,0,0,0
2010-02-16,1.1,1.1,1.1,1.1,0,0,0
2010-02-17,1.12,1.27,1.12,1.27,2200,0,0
2010-02-18,1.13,1.13,1.13,1.13,0,0,0
2010-02-19,1.14,1.17,1.14,1.17,0,0,0
2010-02-22,1.24,1.24,1.24,1.24,1400,0,0
2010-02-23,1.2,1.2,1.19,1.19,800,0,0
2010-02-24,1.05,1.05,1.05,1.05,0,0,0
2010-02-25,1.06,1.06,1.06,1.06,0,0,0
2010-02-26,1.06,1.08,1.06,1.08,0,0,0
2010-03-01,1.22,1.22,1.22,1.22,0,0,0
2010-03-02,1.19,1.19,1.19,1.19,0,0,0
2010-03-03,305.74,305.74,305.74,305.74,0,0,0
2010-03-04,1.38,1.38,1.38,1.38,3700,0,0
2010-03-05,300.28,300.28,300.28,300.28,0,0,0
2010-03-08,1.13,1.13,1.13,1.13,0,0,0
2010-03-09,1.15,1.15,1.15,1.15,0,0,0
2010-03-10,1.08,1.08,1.08,1.08,0,0,0
2010-03-11,1.09,1.09,1.09,1.09,0,0,0
2010-03-12,303.48,303.48,303.48,303.48,0,0,0
2010-03-15,1.14,1.14,1.14,1.14,0,0,0
2010-03-16,1.16,1.16,1.16,1.16,0,0,0
2010-03-17,1.15,1.15,1.15,1.15,0,0,0
2010-03-18,1.13,1.13,1.13,1.13,0,0,0
2010-03-19,1.07,1.07,1.07,1.07,0,0,0
2010-03-22,1.07,1.07,1.07,1.07,0,0,0
2010-03-23,1.1,1.1,1.1,1.1,0,0,0
2010-03-24,1.11,1.11,1.11,1.11,0,0,0
2010-03-25,1.1,1.1,1.1,1.1,0,0,0
2010-03-26,1.08,1.08,1.08,1.08,0,0,0
2010-03-29,1.06,1.06,1.06,1.06,0,0,0
2010-03-30,1.06,1.06,1.06,1.06,0,0,0
2010-03-31,1.02,1.07,1.02,1.07,0,0,0
2010-04-01,1.02,1.02,1.02,1.02,0,0,0
2010-04-06,1.03,1.08,1.03,1.08,0,0,0
2010-04-07,1.03,1.03,1.03,1.03,0,0,0
2010-04-08,1.03,1.03,1.03,1.03,0,0,0
2010-04-09,313.18,313.18,313.18,313.18,0,0,0
2010-04-12,1.0,1.01,1.0,1.01,2200,0,0
2010-04-13,1.01,1.01,1.01,1.01,0,0,0
2010-04-14,1.08,1.08,1.08,1.08,0,0,0
2010-04-15,1.04,1.04,1.04,1.04,0,0,0
2010-04-16,1.05,1.05,1.05,1.05,0,0,0
2010-04-19,1.05,1.05,1.05,1.05,0,0,0
2010-04-20,0.1,1.05,0.1,1.05,1500,0,0
2010-04-21,0.99,0.99,0.99,0.99,0,0,0
2010-04-22,1.01,1.01,1.01,1.01,0,0,0
2010-04-23,327.65,327.65,327.65,327.65,0,0,0
2010-04-26,1.0,1.0,1.0,1.0,0,0,0
2010-04-27,1.0,1.0,1.0,1.0,0,0,0
2010-04-28,1.0,1.0,0.91,0.91,2000,0,0
2010-04-29,0.9,0.95,0.9,0.95,0,0,0
2010-04-30,0.94,0.97,0.94,0.97,0,0,0
2010-05-03,0.93,0.96,0.93,0.96,0,0,0
2010-05-04,0.9,0.98,0.9,0.98,0,0,0
2010-05-05,0.95,0.96,0.95,0.96,0,0,0
2010-05-06,0.87,0.87,0.87,0.87,0,0,0
2010-05-07,0.83,0.83,0.83,0.83,0,0,0
2010-05-10,0.76,0.8,0.76,0.8,0,0,0
2010-05-11,0.78,0.78,0.78,0.78,0,0,0
2010-05-12,0.9,0.9,0.85,0.85,0,0,0
2010-05-13,1.03,1.06,1.03,1.06,0,0,0
2010-05-14,288.55,288.55,288.55,288.55,0,0,0
2010-05-17,0.94,0.94,0.94,0.94,0,0,0
2010-05-18,0.9,0.9,0.9,0.9,0,0,0
2010-05-19,0.9,0.9,0.9,0.9,0,0,0
2010-05-20,0.86,0.86,0.86,0.86,0,0,0
2010-05-21,0.77,0.82,0.77,0.82,0,0,0
2010-05-24,0.81,0.81,0.81,0.81,0,0,0
2010-05-25,0.81,0.81,0.81,0.81,0,0,0
2010-05-26,247.5,247.5,247.5,247.5,0,0,0
2010-05-27,0.95,1.0,0.95,1.0,0,0,0
2010-05-28,1.0,1.0,1.0,1.0,0,0,0
2010-06-01,0.99,0.99,0.99,0.99,0,0,0
2010-06-02,0.94,0.94,0.94,0.94,0,0,0
2010-06-03,255.16,255.16,255.16,255.16,0,0,0
2010-06-04,0.94,1.0,0.94,1.0,0,0,0
2010-06-07,0.92,0.92,0.92,0.92,0,0,0
2010-06-08,0.91,0.91,0.91,0.91,0,0,0
2010-06-09,0.9,0.9,0.9,0.9,0,0,0
2010-06-10,240.47,240.47,240.47,240.47,0,0,0
2010-06-11,0.96,0.96,0.96,0.96,0,0,0
2010-06-14,242.75,242.75,242.75,242.75,0,0,0
2010-06-15,238.73,238.73,238.73,238.73,0,0,0
2010-06-16,0.95,0.95,0.95,0.95,0,0,0
2010-06-17,0.93,0.93,0.93,0.93,0,0,0
2010-06-18,1.03,1.06,1.03,1.06,0,0,0
2010-06-21,1.06,1.06,1.06,1.06,0,0,0
2010-06-22,233.8,233.8,233.8,233.8,0,0,0
2010-06-23,237.52,237.52,237.52,237.52,0,0,0
2010-06-24,0.97,0.97,0.97,0.97,0,0,0
2010-06-25,0.98,0.98,0.98,0.98,0,0,0
2010-06-28,0.94,0.94,0.94,0.94,0,0,0
2010-06-29,0.9,0.9,0.9,0.9,0,0,0
2010-06-30,236.0,236.0,236.0,236.0,0,0,0
2010-07-01,0.89,0.89,0.89,0.89,0,0,0
2010-07-02,0.87,0.87,0.87,0.87,0,0,0
2010-07-06,0.87,0.87,0.87,0.87,0,0,0
2010-07-07,0.86,0.86,0.86,0.86,0,0,0
2010-07-08,0.9,0.9,0.9,0.9,0,0,0
2010-07-09,0.87,0.87,0.87,0.87,0,0,0
2010-07-12,0.88,0.88,0.88,0.88,0,0,0
2010-07-13,0.94,0.94,0.94,0.94,0,0,0
2010-07-14,1.02,1.02,1.02,1.02,0,0,0
2010-07-15,1.05,1.07,1.05,1.07,0,0,0
2010-07-16,0.95,0.98,0.95,0.98,0,0,0
2010-07-19,0.91,0.91,0.91,0.91,0,0,0
2010-07-20,0.94,0.94,0.94,0.94,0,0,0
2010-07-21,0.89,0.91,0.89,0.91,0,0,0
2010-07-22,0.88,0.93,0.88,0.93,0,0,0
2010-07-23,0.89,0.92,0.89,0.92,0,0,0
2010-07-26,0.88,0.93,0.88,0.93,0,0,0
2010-07-27,0.89,0.89,0.89,0.89,0,0,0
2010-07-28,246.17,246.17,246.17,246.17,0,0,0
2010-07-29,0.88,0.88,0.88,0.88,0,0,0
2010-07-30,0.86,0.86,0.86,0.86,0,0,0
2010-08-02,252.0,252.0,252.0,252.0,0,0,0
2010-08-03,0.85,0.85,0.85,0.85,0,0,0
2010-08-04,0.87,0.87,0.87,0.87,0,0,0
2010-08-05,0.89,0.89,0.89,0.89,0,0,0
2010-08-06,0.89,0.89,0.89,0.89,0,0,0
2010-08-09,0.9,0.9,0.9,0.9,0,0,0
2010-08-10,0.98,0.98,0.98,0.98,0,0,0
2010-08-11,0.98,0.98,0.98,0.98,0,0,0
2010-08-12,0.96,0.96,0.96,0.96,0,0,0
2010-08-13,0.93,0.93,0.93,0.93,0,0,0
2010-08-16,0.91,0.91,0.91,0.91,0,0,0
2010-08-17,0.92,0.92,0.92,0.92,0,0,0
2010-08-18,0.9,0.9,0.9,0.9,0,0,0
2010-08-19,0.94,0.94,0.94,0.94,0,0,0
2010-08-20,0.95,1.03,0.95,1.03,0,0,0
2010-08-23,0.95,0.95,0.95,0.95,0,0,0
2010-08-24,0.94,0.94,0.94,0.94,0,0,0
2010-08-25,244.55,244.55,244.55,244.55,0,0,0
2010-08-26,1.0,1.0,1.0,1.0,0,0,0
2010-08-27,0.99,0.99,0.99,0.99,0,0,0
2010-08-30,1.04,1.04,1.04,1.04,0,0,0
2010-08-31,3.8,3.88,3.6,3.77,111318,0,0
2010-09-01,3.8,3.9,3.76,3.85,520206,0,0
2010-09-02,3.85,3.92,3.82,3.85,334623,0,0
2010-09-03,3.9,3.92,3.85,3.92,36975,0,0
2010-09-07,3.9,3.94,3.86,3.9,406169,0,0
2010-09-08,244.66,244.66,244.66,244.66,0,0,0
2010-09-09,243.09,243.09,243.09,243.09,0,0,0
2010-09-10,241.43,241.43,241.43,241.43,0,0,0
2010-09-13,3.9,3.95,3.9,3.9,36466,0,0
2010-09-14,245.89,245.89,245.89,245.89,0,0,0
2010-09-15,4.0,4.05,3.99,3.99,85869,0,0
2010-09-16,4.0,4.09,3.98,4.07,72202,0,0
2010-09-17,4.02,4.1,4.0,4.0,169187,0,0
2010-09-20,249.98,249.98,249.98,249.98,0,0,0
2010-09-21,4.05,4.14,4.05,4.1,337057,0,0
2010-09-22,4.1,4.1,4.05,4.06,79065,0,0
2010-09-23,4.1,4.14,4.08,4.1,44227,0,0
2010-09-24,4.19,4.19,4.1,4.15,25785,0,0
2010-09-27,255.95,255.95,255.95,255.95,0,0,0
2010-09-28,4.2,4.24,4.1,4.2,290825,0,0
2010-09-29,4.2,4.29,4.2,4.25,49700,0,0
2010-09-30,4.5,4.5,4.25,4.25,27067,0,0
2010-10-01,4.3,4.39,4.3,4.35,41357,0,0
2010-10-04,4.35,4.35,4.25,4.26,5118,0,0
2010-10-05,4.35,4.35,4.3,4.3,45110,0,0
2010-10-06,4.3,4.37,4.3,4.35,51733,0,0
2010-10-07,4.35,4.39,4.3,4.39,477747,0,0
2010-10-08,4.35,4.35,4.3,4.3,1789,0,0
2010-10-11,1.67,1.67,1.67,1.67,0,0,0
2010-10-12,4.3,4.35,4.25,4.35,87574,0,0
2010-10-13,261.3,261.3,261.3,261.3,0,0,0
2010-10-14,4.35,4.35,4.31,4.32,243876,0,0
2010-10-15,4.32,4.39,4.32,4.39,1942,0,0
2010-10-18,265.83,265.83,265.83,265.83,0,0,0
2010-10-19,4.35,4.35,4.3,4.3,107055,0,0
2010-10-20,4.39,4.4,4.35,4.35,5736,0,0
2010-10-21,4.3,4.35,4.3,4.3,11233,0,0
2010-10-22,271.48,271.48,271.48,271.48,0,0,0
2010-10-25,4.33,4.33,4.3,4.3,12546,0,0
2010-10-26,4.35,4.4,4.3,4.3,41140,0,0
2010-10-27,4.33,4.33,4.3,4.3,5142,0,0
2010-10-28,267.78,267.78,267.78,267.78,0,0,0
2010-10-29,4.3,4.39,4.22,4.3,57951,0,0
2010-11-01,4.3,4.4,4.3,4.4,1399,0,0
2010-11-02,4.32,4.35,4.32,4.35,56232,0,0
2010-11-03,4.4,4.45,4.37,4.45,84259,0,0
2010-11-04,4.45,4.45,4.45,4.45,32046,0,0
2010-11-05,273.71,273.71,273.71,273.71,0,0,0
2010-11-08,4.48,4.48,4.4,4.4,11946,0,0
2010-11-09,4.45,4.45,4.4,4.4,3607,0,0
2010-11-10,4.45,4.45,4.45,4.45,1921,0,0
2010-11-11,4.45,4.45,4.3,4.4,375967,0,0
2010-11-12,4.4,4.4,4.3,4.3,8400,0,0
2010-11-15,1.67,1.67,1.67,1.67,0,0,0
2010-11-16,4.3,4.4,4.3,4.4,36335,0,0
2010-11-17,4.39,4.4,4.3,4.3,17144,0,0
2010-11-18,4.4,4.4,4.4,4.4,5112,0,0
2010-11-19,4.35,4.35,4.25,4.25,6881,0,0
2010-11-22,4.34,4.34,4.2,4.2,51206,0,0
2010-11-23,4.25,4.25,4.25,4.25,30012,0,0
2010-11-24,4.26,4.29,4.2,4.2,4497,0,0
2010-11-26,4.35,4.35,4.3,4.3,1600,0,0
2010-11-29,4.25,4.25,4.21,4.21,566,0,0
2010-11-30,258.92,258.92,258.92,258.92,0,0,0
2010-12-01,4.15,4.16,4.05,4.05,11077,0,0
2010-12-02,4.07,4.25,4.07,4.07,1869,0,0
2010-12-03,4.07,4.2,4.07,4.2,1060,0,0
2010-12-06,4.2,4.2,4.05,4.2,102096,0,0
2010-12-07,4.1,4.1,4.06,4.06,779,0,0
2010-12-08,4.07,4.25,4.07,4.25,724,0,0
2010-12-09,4.25,4.25,4.1,4.25,69344,0,0
2010-12-10,273.05,273.05,273.05,273.05,0,0,0
2010-12-13,274.98,274.98,274.98,274.98,0,0,0
2010-12-14,4.19,4.24,4.14,4.14,429098,0,0
2010-12-15,278.77,278.77,278.77,278.77,0,0,0
2010-12-16,278.87,278.87,278.87,278.87,0,0,0
2010-12-17,4.01,4.08,4.01,4.08,9566,0,0
2010-12-20,4.1,4.1,3.91,4.05,29093,0,0
2010-12-21,3.99,4.0,3.98,3.98,231999,0,0
2010-12-22,3.99,4.0,3.99,4.0,2700,0,0
2010-12-23,4.0,4.0,3.95,3.97,23994,0,0
2010-12-27,2.5,2.5,2.5,2.5,0,0,0
2010-12-28,2.49,2.49,2.49,2.49,0,0,0
2010-12-29,4.0,4.01,4.0,4.0,12274,0,0
2010-12-30,4.0,4.0,4.0,4.0,11100,0,0
2010-12-31,271.16,271.16,271.16,271.16,0,0,0
2011-01-03,2.54,2.54,2.54,2.54,0,0,0
2011-01-04,4.05,4.08,4.0,4.08,22300,0,0
2011-01-05,4.09,4.09,3.98,3.98,14132,0,0
2011-01-06,263.62,263.62,263.62,263.62,0,0,0
2011-01-07,4.03,4.03,3.91,3.96,24631,0,0
2011-01-10,3.99,3.99,3.95,3.99,15966,0,0
2011-01-11,3.99,3.99,3.97,3.99,22136,0,0
2011-01-12,3.99,3.99,3.95,3.95,8351,0,0
2011-01-13,285.51,285.51,285.51,285.51,0,0,0
2011-01-14,3.92,3.95,3.86,3.95,20228,0,0
2011-01-18,4.05,4.1,4.0,4.05,45213,0,0
2011-01-19,4.09,4.1,4.0,4.0,42700,0,0
2011-01-20,4.0,4.1,4.0,4.05,21644,0,0
2011-01-21,4.05,4.1,4.0,4.05,42695,0,0
2011-01-24,4.0,4.05,4.0,4.05,18355,0,0
2011-01-25,4.0,4.0,4.0,4.0,1232,0,0
2011-01-26,4.04,4.04,4.0,4.04,314522,0,0
2011-01-27,3.95,4.0,3.95,4.0,764,0,0
2011-01-28,4.05,4.08,4.03,4.05,244312,0,0
2011-01-31,4.05,4.05,4.0,4.0,9342,0,0
2011-02-01,4.05,4.15,4.05,4.15,265265,0,0
2011-02-02,4.15,4.15,4.1,4.15,10166,0,0
2011-02-03,4.1,4.14,4.0,4.0,4829,0,0
2011-02-04,1.96,1.96,1.96,1.96,0,0,0
2011-02-07,4.08,4.12,4.0,4.12,44485,0,0
2011-02-08,4.05,4.15,4.0,4.15,119856,0,0
2011-02-09,4.1,4.15,4.1,4.15,1733,0,0
2011-02-10,4.1,4.1,4.03,4.03,85294,0,0
2011-02-11,4.01,4.15,4.0,4.15,4900,0,0
2011-02-14,324.13,324.13,324.13,324.13,0,0,0
2011-02-15,4.09,4.1,4.07,4.09,15140,0,0
2011-02-16,4.1,4.1,4.0,4.05,29072,0,0
2011-02-17,4.01,4.08,4.0,4.02,72408,0,0
2011-02-18,326.94,326.94,326.94,326.94,0,0,0
2011-02-22,3.98,4.1,3.98,3.98,5900,0,0
2011-02-23,4.05,4.15,4.05,4.15,30500,0,0
2011-02-24,327.29,327.29,327.29,327.29,0,0,0
2011-02-25,326.37,326.37,326.37,326.37,0,0,0
2011-02-28,4.5,4.5,4.25,4.5,76439,0,0
2011-03-01,4.5,4.5,4.39,4.49,17183,0,0
2011-03-02,4.35,4.35,4.35,4.35,25300,0,0
2011-03-03,2.15,2.15,2.15,2.15,0,0,0
2011-03-04,4.3,4.37,4.3,4.37,1657,0,0
2011-03-07,4.3,4.31,4.3,4.31,1256,0,0
2011-03-08,4.35,4.4,4.35,4.4,33570,0,0
2011-03-09,4.36,4.5,4.35,4.35,255366,0,0
2011-03-10,4.35,4.4,4.35,4.4,4470,0,0
2011-03-11,4.45,4.45,4.35,4.35,6678,0,0
2011-03-14,341.44,341.44,341.44,341.44,0,0,0
2011-03-15,4.15,4.3,4.15,4.3,4525,0,0
2011-03-16,4.3,4.3,4.3,4.3,1600,0,0
2011-03-17,4.2,4.25,4.2,4.25,1225,0,0
2011-03-18,4.4,4.5,4.4,4.5,4200,0,0
2011-03-21,337.86,337.86,337.86,337.86,0,0,0
2011-03-22,4.33,4.5,4.27,4.5,3686,0,0
2011-03-23,4.5,4.5,4.43,4.48,11261,0,0
2011-03-24,4.36,4.36,4.36,4.36,233,0,0
2011-03-25,332.54,332.54,332.54,332.54,0,0,0
2011-03-28,4.5,4.5,4.5,4.5,25501,0,0
2011-03-29,4.5,4.55,4.5,4.55,13133,0,0
2011-03-30,4.55,4.65,4.55,4.65,21566,0,0
2011-03-31,4.5,4.8,4.41,4.8,4400,0,0
2011-04-01,2.13,2.13,2.13,2.13,0,0,0
2011-04-04,5.0,5.5,4.55,5.5,9870,0,0
2011-04-05,5.49,5.49,4.9,5.01,4681,0,0
2011-04-06,5.15,5.15,4.92,4.96,6881,0,0
2011-04-07,342.17,342.17,342.17,342.17,0,0,0
2011-04-08,2.1,2.1,2.1,2.1,0,0,0
2011-04-11,4.9,4.99,4.9,4.9,6078,0,0
2011-04-12,4.9,4.9,4.9,4.9,4100,0,0
2011-04-13,5.0,5.0,5.0,5.0,16248,0,0
2011-04-14,1.91,1.91,1.91,1.91,0,0,0
2011-04-15,5.0,5.0,4.9,4.9,7900,0,0
2011-04-18,4.9,5.0,4.9,4.9,4191,0,0
2011-04-19,4.9,5.0,4.9,4.9,5886,0,0
2011-04-20,4.9,4.9,4.56,4.75,6437,0,0
2011-04-21,4.9,4.9,4.9,4.9,2200,0,0
2011-04-25,5.0,5.0,4.6,4.65,11523,0,0
2011-04-26,1.93,1.93,1.93,1.93,0,0,0
2011-04-27,1.9,1.9,1.9,1.9,0,0,0
2011-04-28,4.55,4.6,4.51,4.6,13565,0,0
2011-04-29,1.88,1.88,1.88,1.88,0,0,0
2011-05-02,4.6,4.6,4.6,4.6,4932,0,0
2011-05-03,4.5,4.5,4.39,4.39,3466,0,0
2011-05-04,4.7,4.7,4.6,4.6,5000,0,0
2011-05-05,4.61,4.62,4.6,4.6,1600,0,0
2011-05-06,4.61,4.61,4.61,4.61,691,0,0
2011-05-09,4.65,4.65,4.65,4.65,333,0,0
2011-05-10,4.7,4.75,4.7,4.75,4000,0,0
2011-05-11,334.12,334.12,334.12,334.12,0,0,0
2011-05-12,4.75,4.75,4.75,4.75,1090,0,0
2011-05-13,4.75,4.75,4.75,4.75,100,0,0
2011-05-16,4.75,4.75,4.75,4.75,1475,0,0
2011-05-17,328.12,328.12,328.12,328.12,0,0,0
2011-05-18,4.6,5.0,4.6,4.89,2850,0,0
2011-05-19,4.89,4.89,4.65,4.7,881,0,0
2011-05-20,4.7,4.75,4.7,4.75,5554,0,0
2011-05-23,1.5,1.5,1.5,1.5,0,0,0
2011-05-24,4.75,4.75,4.75,4.75,3400,0,0
2011-05-25,4.6,5.0,4.6,5.0,529,0,0
2011-05-26,4.75,4.8,4.75,4.8,999,0,0
2011-05-27,5.0,5.0,4.95,4.95,2833,0,0
2011-05-31,1.5,1.55,1.5,1.55,0,0,0
2011-06-01,338.22,338.22,338.22,338.22,0,0,0
2011-06-02,1.44,1.51,1.44,1.51,0,0,0
2011-06-03,4.8,4.8,4.8,4.8,333,0,0
2011-06-06,4.81,5.25,4.81,5.25,2200,0,0
2011-06-07,5.15,5.15,5.08,5.15,8476,0,0
2011-06-08,5.0,5.1,5.0,5.0,9363,0,0
2011-06-09,5.0,5.0,5.0,5.0,1600,0,0
2011-06-10,5.0,5.2,5.0,5.2,3400,0,0
2011-06-13,4.9,5.1,4.9,5.0,8399,0,0
2011-06-14,4.9,4.95,4.9,4.95,1965,0,0
2011-06-15,316.73,316.73,316.73,316.73,0,0,0
2011-06-16,311.45,311.45,311.45,311.45,0,0,0
2011-06-17,316.11,316.11,316.11,316.11,0,0,0
2011-06-20,5.0,5.0,5.0,5.0,6700,0,0
2011-06-21,4.9,5.0,4.9,4.9,3400,0,0
2011-06-22,5.0,5.0,5.0,5.0,6000,0,0
2011-06-23,1.5,1.5,1.5,1.5,0,0,0
2011-06-24,4.9,5.0,4.9,5.0,4366,0,0
2011-06-27,5.1,5.15,5.1,5.15,1960,0,0
2011-06-28,304.28,304.28,304.28,304.28,0,0,0
2011-06-29,310.66,310.66,310.66,310.66,0,0,0
2011-06-30,311.36,311.36,311.36,311.36,0,0,0
2011-07-01,1.37,1.37,1.37,1.37,0,0,0
2011-07-05,5.25,5.25,5.0,5.0,3549,0,0
2011-07-06,4.95,4.95,4.95,4.95,1100,0,0
2011-07-07,5.0,5.0,5.0,5.0,5098,0,0
2011-07-08,1.57,1.57,1.57,1.57,0,0,0
2011-07-11,5.0,5.0,4.91,4.91,2900,0,0
2011-07-12,1.57,1.67,1.57,1.67,0,0,0
2011-07-13,4.91,4.91,4.91,4.91,141,0,0
2011-07-14,4.91,4.91,4.9,4.9,1352,0,0
2011-07-15,4.92,5.0,4.92,5.0,382,0,0
2011-07-18,5.0,5.0,4.9,4.9,5546,0,0
2011-07-19,4.9,5.0,4.9,4.99,7616,0,0
2011-07-20,277.3,277.3,277.3,277.3,0,0,0
2011-07-21,4.91,4.99,4.91,4.99,3766,0,0
2011-07-22,5.04,5.04,5.04,5.04,1600,0,0
2011-07-25,1.77,1.77,1.77,1.77,0,0,0
2011-07-26,4.94,4.95,4.9,4.9,600,0,0
2011-07-27,4.95,4.95,4.75,4.75,4696,0,0
2011-07-28,1.78,1.78,1.78,1.78,0,0,0
2011-07-29,4.71,4.95,4.71,4.95,7879,0,0
2011-08-01,1.7,1.7,1.7,1.7,0,0,0
2011-08-02,1.71,1.71,1.71,1.71,0,0,0
2011-08-03,1.67,1.67,1.67,1.67,0,0,0
2011-08-04,4.75,4.76,4.6,4.75,53684,0,0
2011-08-05,4.7,4.7,4.7,4.7,2899,0,0
2011-08-08,234.31,234.31,234.31,234.31,0,0,0
2011-08-09,4.7,4.7,4.7,4.7,2500,0,0
2011-08-10,4.7,4.7,4.7,4.7,1300,0,0
2011-08-11,4.7,4.7,4.7,4.7,2546,0,0
2011-08-12,4.7,4.7,4.7,4.7,15400,0,0
2011-08-15,249.04,249.04,249.04,249.04,0,0,0
2011-08-16,4.56,4.56,4.56,4.56,682,0,0
2011-08-17,4.65,4.7,4.55,4.55,1436,0,0
2011-08-18,4.6,4.6,4.6,4.6,600,0,0
2011-08-19,4.5,4.5,4.3,4.5,6386,0,0
2011-08-22,4.4,4.4,4.25,4.25,1400,0,0
2011-08-23,4.15,4.2,4.1,4.1,22466,0,0
2011-08-24,4.25,4.25,3.8,4.25,3800,0,0
2011-08-25,1.2,1.2,1.2,1.2,0,0,0
2011-08-26,1.31,1.31,1.31,1.31,0,0,0
2011-08-29,3.81,4.1,3.81,4.1,3666,0,0
2011-08-30,1.31,1.31,1.31,1.31,0,0,0
2011-08-31,238.35,238.35,238.35,238.35,0,0,0
2011-09-01,4.1,4.1,4.05,4.05,4502,0,0
2011-09-02,4.0,4.0,4.0,4.0,15499,0,0
2011-09-06,4.0,4.0,4.0,4.0,10000,0,0
2011-09-07,4.0,4.1,3.85,4.0,27912,0,0
2011-09-08,4.0,4.0,4.0,4.0,100,0,0
2011-09-09,4.0,4.15,4.0,4.15,1998,0,0
2011-09-12,4.0,4.0,4.0,4.0,1898,0,0
2011-09-13,1.3,1.3,1.3,1.3,0,0,0
2011-09-14,4.0,4.0,3.9,4.0,387500,0,0
2011-09-15,4.03,4.03,4.03,4.03,500,0,0
2011-09-16,4.25,4.25,4.25,4.25,1200,0,0
2011-09-19,1.34,1.34,1.34,1.34,0,0,0
2011-09-20,4.1,4.1,4.0,4.0,1131,0,0
2011-09-21,4.0,4.0,4.0,4.0,699,0,0
2011-09-22,195.7,195.7,195.7,195.7,0,0,0
2011-09-23,3.85,3.85,3.85,3.85,1854,0,0
2011-09-26,3.99,4.0,3.99,4.0,6866,0,0
2011-09-27,4.0,4.0,4.0,4.0,5200,0,0
2011-09-28,3.75,3.9,3.75,3.9,7332,0,0
2011-09-29,3.76,3.76,3.75,3.75,8966,0,0
2011-09-30,1.01,1.04,1.01,1.04,0,0,0
2011-10-03,3.65,3.65,3.41,3.41,1016,0,0
2011-10-04,3.5,3.5,3.5,3.5,400,0,0
2011-10-05,183.04,183.04,183.04,183.04,0,0,0
2011-10-06,3.75,3.75,3.75,3.75,5000,0,0
2011-10-07,3.5,3.5,3.5,3.5,2100,0,0
2011-10-10,0.97,1.04,0.97,1.04,0,0,0
2011-10-11,3.5,3.6,3.5,3.6,3766,0,0
2011-10-12,0.99,0.99,0.99,0.99,0,0,0
2011-10-13,198.76,198.76,198.76,198.76,0,0,0
2011-10-14,1.0,1.0,1.0,1.0,0,0,0
2011-10-17,3.5,3.5,3.5,3.5,499,0,0
2011-10-18,3.6,3.6,3.6,3.6,539,0,0
2011-10-19,203.08,203.08,203.08,203.08,0,0,0
2011-10-20,3.5,3.5,3.5,3.5,833,0,0
2011-10-21,3.8,3.8,3.8,3.8,132,0,0
2011-10-24,1.0,1.16,1.0,1.16,220,0,0
2011-10-25,3.55,3.55,3.55,3.55,333,0,0
2011-10-26,3.55,3.55,3.55,3.55,732,0,0
2011-10-27,3.5,3.7,3.5,3.7,366,0,0
2011-10-28,3.8,3.8,3.8,3.8,2104,0,0
2011-10-31,196.69,196.69,196.69,196.69,0,0,0
2011-11-01,194.41,194.41,194.41,194.41,0,0,0
2011-11-02,1.03,1.17,1.03,1.17,0,0,0
2011-11-03,3.8,3.85,3.8,3.85,5104,0,0
2011-11-04,3.8,3.85,3.8,3.8,1881,0,0
2011-11-07,3.8,3.8,3.65,3.65,5670,0,0
2011-11-08,3.7,3.8,3.7,3.7,1047,0,0
2011-11-09,3.65,3.65,3.65,3.65,1500,0,0
2011-11-10,1.14,1.18,1.14,1.18,0,0,0
2011-11-11,190.55,190.55,190.55,190.55,0,0,0
2011-11-14,3.65,3.65,3.65,3.65,6086,0,0
2011-11-15,3.79,3.8,3.79,3.8,7700,0,0
2011-11-16,1.23,1.23,1.23,1.23,0,0,0
2011-11-17,3.8,3.8,3.5,3.5,6666,0,0
2011-11-18,3.8,3.8,3.8,3.8,9800,0,0
2011-11-21,3.8,3.8,3.8,3.8,6764,0,0
2011-11-22,3.75,3.8,3.75,3.75,421,0,0
2011-11-23,3.75,3.95,3.75,3.95,200,0,0
2011-11-25,3.9,3.9,3.8,3.8,6300,0,0
2011-11-28,3.75,3.75,3.75,3.75,466,0,0
2011-11-29,3.75,3.75,3.75,3.75,433,0,0
2011-11-30,3.75,3.75,3.75,3.75,0,0,0
2011-12-01,168.75,168.75,168.75,168.75,0,0,0
2011-12-02,168.99,168.99,168.99,168.99,0,0,0
2011-12-05,3.8,3.8,3.8,3.8,0,0,0
2011-12-06,3.95,3.95,3.95,3.95,2600,0,0
2011-12-07,4.0,4.0,4.0,4.0,2900,0,0
2011-12-08,4.0,4.0,4.0,4.0,2100,0,0
2011-12-09,4.0,4.0,4.0,4.0,5100,0,0
2011-12-12,3.9,4.0,3.9,3.9,8724,0,0
2011-12-13,163.83,163.83,163.83,163.83,0,0,0
2011-12-14,3.95,3.95,3.95,3.95,0,0,0
2011-12-15,164.38,164.38,164.38,164.38,0,0,0
2011-12-16,3.75,3.75,3.75,3.75,0,0,0
2011-12-19,3.75,3.75,3.75,3.75,0,0,0
2011-12-20,3.75,3.75,3.75,3.75,6000,0,0
2011-12-21,3.75,3.75,3.75,3.75,6000,0,0
2011-12-22,3.75,3.75,3.75,3.75,0,0,0
2011-12-23,3.8,3.8,3.7,3.7,4800,0,0
2011-12-27,3.7,3.7,3.7,3.7,0,0,0
2011-12-28,3.7,3.7,3.7,3.7,0,0,0
2011-12-29,3.7,3.7,3.7,3.7,200,0,0
2011-12-30,3.7,3.74,3.7,3.74,700,0,0
2012-01-03,3.75,3.75,3.65,3.7,4463,0,0
2012-01-04,157.88,157.88,157.88,157.88,0,0,0
2012-01-05,3.75,3.75,3.75,3.75,0,0,0
2012-01-06,3.75,3.75,3.75,3.75,0,0,0
2012-01-09,3.75,3.75,3.6,3.6,8827,0,0
2012-01-10,3.6,3.7,3.6,3.7,565,0,0
2012-01-11,3.7,3.7,3.7,3.7,0,0,0
2012-01-12,3.7,3.7,3.7,3.7,0,0,0
2012-01-13,3.7,3.7,3.7,3.7,0,0,0
2012-01-17,3.5,3.5,3.5,3.5,630,0,0
2012-01-18,3.6,3.6,3.4,3.4,12933,0,0
2012-01-19,3.5,3.5,3.4,3.4,1582,0,0
2012-01-20,3.4,3.4,3.3,3.3,45266,0,0
2012-01-23,3.3,3.3,3.25,3.25,17071,0,0
2012-01-24,3.25,3.25,3.25,3.25,1313,0,0
2012-01-25,3.25,3.25,2.75,3.08,153507,0,0
2012-01-26,3.0,3.0,3.0,3.0,86600,0,0
2012-01-27,3.0,3.05,3.0,3.0,9695,0,0
2012-01-30,3.0,3.11,3.0,3.11,125046,0,0
2012-01-31,3.13,3.13,3.05,3.05,93666,0,0
2012-02-01,3.1,3.11,3.1,3.11,12300,0,0
2012-02-02,3.11,3.11,3.11,3.11,214768,0,0
2012-02-03,3.05,3.19,3.05,3.19,19400,0,0
2012-02-06,3.16,3.16,3.16,3.16,1033,0,0
2012-02-07,3.16,3.16,3.08,3.08,227200,0,0
2012-02-08,3.05,3.05,3.05,3.05,32281,0,0
2012-02-09,172.08,172.08,172.08,172.08,0,0,0
2012-02-10,169.93,169.93,169.93,169.93,0,0,0
2012-02-13,3.12,3.14,3.11,3.13,19861,0,0
2012-02-14,174.68,174.68,174.68,174.68,0,0,0
2012-02-15,3.05,3.05,3.05,3.05,13300,0,0
2012-02-16,3.14,3.16,3.14,3.15,4499,0,0
2012-02-17,3.15,3.15,3.15,3.15,0,0,0
2012-02-21,3.15,3.15,3.15,3.15,0,0,0
2012-02-22,3.07,3.19,3.01,3.01,65587,0,0
2012-02-23,175.99,175.99,175.99,175.99,0,0,0
2012-02-24,3.1,3.1,3.0,3.1,11932,0,0
2012-02-27,3.1,3.1,3.0,3.0,6200,0,0
2012-02-28,3.0,3.0,3.0,3.0,0,0,0
2012-02-29,3.0,3.0,3.0,3.0,0,0,0
2012-03-01,179.05,179.05,179.05,179.05,0,0,0
2012-03-02,2.95,2.95,2.91,2.93,5666,0,0
2012-03-05,2.99,3.0,2.93,2.93,11200,0,0
2012-03-06,2.93,2.93,2.81,2.9,5250,0,0
2012-03-07,2.9,2.9,2.85,2.85,11964,0,0
2012-03-08,2.88,2.9,2.88,2.9,27650,0,0
2012-03-09,2.9,2.9,2.9,2.9,18686,0,0
2012-03-12,2.9,2.9,2.85,2.85,5537,0,0
2012-03-13,2.85,2.9,2.78,2.78,26970,0,0
2012-03-14,2.82,2.82,2.6,2.6,78722,0,0
2012-03-15,173.69,173.69,173.69,173.69,0,0,0
2012-03-16,2.6,2.65,2.5,2.55,12808,0,0
2012-03-19,2.65,2.65,2.51,2.62,82550,0,0
2012-03-20,2.65,2.65,2.65,2.65,3400,0,0
2012-03-21,2.59,2.59,2.59,2.59,1700,0,0
2012-03-22,2.3,2.5,2.28,2.37,9127,0,0
2012-03-23,2.55,2.55,2.55,2.55,7000,0,0
2012-03-26,2.59,2.59,2.46,2.55,3766,0,0
2012-03-27,170.77,170.77,170.77,170.77,0,0,0
2012-03-28,2.55,2.55,2.35,2.42,63517,0,0
2012-03-29,2.4,2.41,2.31,2.31,38060,0,0
2012-03-30,2.35,2.45,2.31,2.31,25007,0,0
2012-04-02,2.34,2.34,2.3,2.3,7396,0,0
2012-04-03,170.19,170.19,170.19,170.19,0,0,0
2012-04-04,2.1,2.1,2.1,2.1,2070,0,0
2012-04-05,2.1,2.15,2.1,2.1,54580,0,0
2012-04-09,2.1,2.1,2.05,2.05,6247,0,0
2012-04-10,2.05,2.06,2.02,2.02,42105,0,0
2012-04-11,2.03,2.03,2.0,2.0,7307,0,0
2012-04-12,2.0,2.0,1.95,1.95,33830,0,0
2012-04-13,1.95,1.96,1.84,1.87,76105,0,0
2012-04-16,1.95,1.95,1.9,1.94,14165,0,0
2012-04-17,1.93,1.95,1.69,1.85,792433,0,0
2012-04-18,1.84,1.9,1.8,1.8,35237,0,0
2012-04-19,1.8,1.9,1.8,1.82,25800,0,0
2012-04-20,156.99,156.99,156.99,156.99,0,0,0
2012-04-23,1.78,1.78,1.77,1.77,6847,0,0
2012-04-24,1.72,1.76,1.72,1.72,13319,0,0
2012-04-25,1.95,1.95,1.79,1.88,84583,0,0
2012-04-26,158.04,158.04,158.04,158.04,0,0,0
2012-04-27,2.1,2.15,2.1,2.15,439632,0,0
2012-04-30,155.77,155.77,155.77,155.77,0,0,0
2012-05-01,2.0,2.05,2.0,2.05,100509,0,0
2012-05-02,2.05,2.15,2.0,2.15,78276,0,0
2012-05-03,2.15,2.2,2.15,2.16,23722,0,0
2012-05-04,1.96,1.96,1.96,1.96,1200,0,0
2012-05-07,1.91,2.01,1.9,1.9,6467,0,0
2012-05-08,1.9,1.9,1.75,1.78,2694,0,0
2012-05-09,1.8,1.81,1.77,1.81,77840,0,0
2012-05-10,1.9,1.9,1.83,1.83,1100,0,0
2012-05-11,152.25,152.25,152.25,152.25,0,0,0
2012-05-14,1.9,1.9,1.9,1.9,0,0,0
2012-05-15,1.84,1.9,1.75,1.75,48889,0,0
2012-05-16,1.9,2.0,1.9,2.0,5054,0,0
2012-05-17,1.85,1.85,1.85,1.85,1099,0,0
2012-05-18,1.85,1.9,1.78,1.9,19489,0,0
2012-05-21,1.9,1.9,1.9,1.9,0,0,0
2012-05-22,137.67,137.67,137.67,137.67,0,0,0
2012-05-23,1.75,1.75,1.75,1.75,11050,0,0
2012-05-24,1.76,1.76,1.75,1.75,867,0,0
2012-05-25,1.76,1.87,1.76,1.77,7294,0,0
2012-05-29,1.67,1.77,1.67,1.77,6117,0,0
2012-05-30,1.7,1.8,1.7,1.75,6709,0,0
2012-05-31,1.75,1.84,1.75,1.84,7100,0,0
2012-06-01,124.86,124.86,124.86,124.86,0,0,0
2012-06-04,1.85,1.85,1.8,1.8,2775,0,0
2012-06-05,1.75,1.75,1.7,1.7,7467,0,0
2012-06-06,1.7,1.8,1.7,1.7,59846,0,0
2012-06-07,1.67,1.8,1.66,1.66,13832,0,0
2012-06-08,1.65,1.65,1.61,1.65,12169,0,0
2012-06-11,1.6,1.7,1.6,1.7,12881,0,0
2012-06-12,124.35,124.35,124.35,124.35,0,0,0
2012-06-13,125.27,125.27,125.27,125.27,0,0,0
2012-06-14,1.54,1.55,1.38,1.38,3570,0,0
2012-06-15,1.36,1.45,1.36,1.39,5623,0,0
2012-06-18,1.5,1.5,1.43,1.43,2416,0,0
2012-06-19,1.33,1.45,1.33,1.45,22120,0,0
2012-06-20,1.5,1.5,1.4,1.4,36718,0,0
2012-06-21,1.4,1.45,1.4,1.4,9486,0,0
2012-06-22,1.33,1.39,1.2,1.2,6211,0,0
2012-06-25,1.05,1.05,1.05,1.05,183,0,0
2012-06-26,1.11,1.36,1.11,1.36,31440,0,0
2012-06-27,1.37,1.37,1.27,1.27,18361,0,0
2012-06-28,1.38,1.5,1.38,1.5,33694,0,0
2012-06-29,126.11,126.11,126.11,126.11,0,0,0
2012-07-02,122.22,122.22,122.22,122.22,0,0,0
2012-07-03,1.55,1.79,1.54,1.79,96375,0,0
2012-07-05,1.68,1.68,1.68,1.68,0,0,0
2012-07-06,123.65,123.65,123.65,123.65,0,0,0
2012-07-09,1.8,1.8,1.6,1.6,10458,0,0
2012-07-10,1.79,1.8,1.79,1.8,26960,0,0
2012-07-11,1.66,1.66,1.65,1.65,5000,0,0
2012-07-12,121.91,121.91,121.91,121.91,0,0,0
2012-07-13,1.6,1.6,1.6,1.6,0,0,0
2012-07-16,1.6,1.6,1.58,1.58,5408,0,0
2012-07-17,1.5,1.65,1.5,1.65,1422,0,0
2012-07-18,1.65,1.65,1.65,1.65,0,0,0
2012-07-19,1.52,1.65,1.52,1.6,12470,0,0
2012-07-20,119.74,119.74,119.74,119.74,0,0,0
2012-07-23,1.5,1.5,1.45,1.45,2668,0,0
2012-07-24,1.45,1.6,1.45,1.55,2777,0,0
2012-07-25,115.03,115.03,115.03,115.03,0,0,0
2012-07-26,1.6,1.65,1.55,1.55,251900,0,0
2012-07-27,1.52,1.6,1.5,1.5,53476,0,0
2012-07-30,1.52,1.52,1.51,1.51,2568,0,0
2012-07-31,1.65,1.65,1.6,1.6,11166,0,0
2012-08-01,1.6,1.67,1.55,1.6,10626,0,0
2012-08-02,1.6,1.67,1.6,1.63,1418,0,0
2012-08-03,1.56,1.6,1.55,1.6,13976,0,0
2012-08-06,1.6,1.6,1.6,1.6,0,0,0
2012-08-07,1.65,1.65,1.62,1.62,7059,0,0
2012-08-08,1.58,1.58,1.58,1.58,722,0,0
2012-08-09,122.36,122.36,122.36,122.36,0,0,0
2012-08-10,1.69,1.79,1.69,1.79,26553,0,0
2012-08-13,1.8,1.8,1.8,1.8,2000,0,0
2012-08-14,123.4,123.4,123.4,123.4,0,0,0
2012-08-15,1.7,1.7,1.65,1.65,2000,0,0
2012-08-16,1.7,1.7,1.52,1.59,11868,0,0
2012-08-17,1.6,1.6,1.58,1.58,3156,0,0
2012-08-20,1.56,1.6,1.52,1.52,3997,0,0
2012-08-21,1.52,1.52,1.51,1.51,5479,0,0
2012-08-22,124.95,124.95,124.95,124.95,0,0,0
2012-08-23,1.69,1.69,1.6,1.6,2666,0,0
2012-08-24,1.62,1.69,1.62,1.69,4733,0,0
2012-08-27,124.35,124.35,124.35,124.35,0,0,0
2012-08-28,1.53,1.53,1.5,1.5,30333,0,0
2012-08-29,123.87,123.87,123.87,123.87,0,0,0
2012-08-30,1.5,1.55,1.5,1.55,14393,0,0
2012-08-31,1.55,1.55,1.5,1.5,32967,0,0
2012-09-04,123.4,123.4,123.4,123.4,0,0,0
2012-09-05,1.54,1.54,1.5,1.5,18023,0,0
2012-09-06,1.55,1.55,1.55,1.55,53682,0,0
2012-09-07,1.52,1.55,1.52,1.53,20040,0,0
2012-09-10,1.53,1.53,1.53,1.53,1830,0,0
2012-09-11,1.53,1.66,1.53,1.55,129372,0,0
2012-09-12,1.55,1.55,1.55,1.55,6938,0,0
2012-09-13,1.57,1.57,1.56,1.56,1000,0,0
2012-09-14,1.6,1.6,1.55,1.55,42260,0,0
2012-09-17,131.4,131.4,131.4,131.4,0,0,0
2012-09-18,1.55,1.55,1.5,1.5,49497,0,0
2012-09-19,1.51,1.51,1.5,1.5,3303,0,0
2012-09-20,1.5,1.53,1.5,1.5,22363,0,0
2012-09-21,1.55,1.55,1.5,1.5,4100,0,0
2012-09-24,1.5,1.51,1.5,1.51,5994,0,0
2012-09-25,1.51,1.51,1.45,1.5,80891,0,0
2012-09-26,1.5,1.55,1.5,1.55,159110,0,0
2012-09-27,1.5,1.5,1.5,1.5,10669,0,0
2012-09-28,1.55,1.57,1.5,1.57,201389,0,0
2012-10-01,1.9,1.9,1.82,1.9,21793,0,0
2012-10-02,1.63,1.63,1.63,1.63,722,0,0
2012-10-03,1.61,1.75,1.61,1.7,39425,0,0
2012-10-04,1.7,1.7,1.65,1.65,41081,0,0
2012-10-05,1.67,1.67,1.65,1.65,8551,0,0
2012-10-08,1.65,1.65,1.65,1.65,0,0,0
2012-10-09,1.65,1.65,1.65,1.65,144,0,0
2012-10-10,132.08,132.08,132.08,132.08,0,0,0
2012-10-11,1.6,1.68,1.6,1.68,20550,0,0
2012-10-12,135.52,135.52,135.52,135.52,0,0,0
2012-10-15,1.63,1.7,1.62,1.7,8135,0,0
2012-10-16,1.68,1.7,1.61,1.7,26182,0,0
2012-10-17,1.54,1.7,1.54,1.7,5298,0,0
2012-10-18,1.7,1.7,1.7,1.7,9014,0,0
2012-10-19,1.7,1.75,1.7,1.75,5385,0,0
2012-10-22,1.71,1.71,1.71,1.71,2193,0,0
2012-10-23,138.21,138.21,138.21,138.21,0,0,0
2012-10-24,1.84,1.85,1.81,1.85,31391,0,0
2012-10-25,1.89,1.9,1.88,1.88,32505,0,0
2012-10-26,1.86,1.86,1.78,1.86,23200,0,0
2012-10-31,1.84,1.84,1.84,1.84,5136,0,0
2012-11-01,1.84,1.89,1.84,1.89,84151,0,0
2012-11-02,1.89,1.89,1.84,1.84,1931,0,0
2012-11-05,136.5,136.5,136.5,136.5,0,0,0
2012-11-06,1.89,1.9,1.8,1.9,9920,0,0
2012-11-07,1.83,1.83,1.83,1.83,5833,0,0
2012-11-08,1.9,1.95,1.85,1.85,6029,0,0
2012-11-09,142.41,142.41,142.41,142.41,0,0,0
2012-11-12,1.65,1.65,1.65,1.65,115,0,0
2012-11-13,1.61,1.66,1.56,1.56,13984,0,0
2012-11-14,1.56,1.56,1.55,1.56,3713,0,0
2012-11-15,1.56,1.56,1.52,1.55,13203,0,0
2012-11-16,1.51,1.66,1.51,1.66,5831,0,0
2012-11-19,1.7,1.7,1.7,1.7,7829,0,0
2012-11-20,1.75,1.75,1.62,1.62,21719,0,0
2012-11-21,1.97,1.97,1.9,1.9,1593,0,0
2012-11-23,1.72,1.84,1.61,1.69,15001,0,0
2012-11-26,1.7,1.7,1.65,1.68,12068,0,0
2012-11-27,1.75,1.75,1.65,1.68,614003,0,0
2012-11-28,1.65,1.68,1.65,1.65,9719,0,0
2012-11-29,145.06,145.06,145.06,145.06,0,0,0
2012-11-30,1.8,1.98,1.8,1.97,26080,0,0
2012-12-03,1.95,1.96,1.8,1.85,9308,0,0
2012-12-04,1.75,1.75,1.6,1.6,257948,0,0
2012-12-05,1.62,1.65,1.6,1.65,16318,0,0
2012-12-06,1.7,1.7,1.66,1.7,26714,0,0
2012-12-07,1.79,1.79,1.7,1.7,17365,0,0
2012-12-10,156.87,156.87,156.87,156.87,0,0,0
2012-12-11,1.66,1.66,1.66,1.66,879,0,0
2012-12-12,1.66,1.7,1.66,1.7,4921,0,0
2012-12-13,1.7,1.7,1.66,1.66,13060,0,0
2012-12-14,1.66,1.66,1.65,1.65,4589,0,0
2012-12-17,1.65,1.66,1.55,1.6,78156,0,0
2012-12-18,160.51,160.51,160.51,160.51,0,0,0
2012-12-19,1.7,1.71,1.65,1.65,12328,0,0
2012-12-20,1.65,1.65,1.65,1.65,5343,0,0
2012-12-21,1.65,1.65,1.65,1.65,5531,0,0
2012-12-24,1.65,1.65,1.65,1.65,13590,0,0
2012-12-26,1.65,1.65,1.65,1.65,0,0,0
2012-12-27,1.65,1.65,1.65,1.65,0,0,0
2012-12-28,1.8,1.87,1.8,1.87,6742,0,0
2012-12-31,1.86,1.95,1.69,1.93,9545,0,0
2013-01-02,1.7,1.93,1.7,1.75,5092,0,0
2013-01-03,1.76,1.8,1.76,1.8,2823,0,0
2013-01-04,1.76,1.76,1.7,1.7,6029,0,0
2013-01-07,1.8,1.85,1.7,1.7,2122,0,0
2013-01-08,166.19,166.19,166.19,166.19,0,0,0
2013-01-09,1.7,1.7,1.65,1.65,2033,0,0
2013-01-10,1.8,1.84,1.75,1.82,5186,0,0
2013-01-11,173.27,173.27,173.27,173.27,0,0,0
2013-01-14,1.81,1.81,1.75,1.75,15499,0,0
2013-01-15,1.75,1.75,1.75,1.75,722,0,0
2013-01-16,1.7,1.7,1.67,1.67,9442,0,0
2013-01-17,1.75,1.75,1.75,1.75,5320,0,0
2013-01-18,1.75,1.75,1.7,1.7,111594,0,0
2013-01-22,1.7,1.7,1.57,1.57,5335,0,0
2013-01-23,1.58,1.9,1.58,1.9,27977,0,0
2013-01-24,1.7,1.8,1.7,1.75,15658,0,0
2013-01-25,1.7,1.75,1.65,1.75,11639,0,0
2013-01-28,1.7,1.75,1.67,1.75,8771,0,0
2013-01-29,1.68,1.87,1.67,1.75,30923,0,0
2013-01-30,1.75,1.75,1.67,1.7,3559,0,0
2013-01-31,1.68,1.7,1.68,1.7,1734,0,0
2013-02-01,1.7,1.75,1.61,1.75,7350,0,0
2013-02-04,1.7,1.7,1.7,1.7,12993,0,0
2013-02-05,1.7,1.7,1.7,1.7,0,0,0
2013-02-06,1.7,1.7,1.7,1.7,1445,0,0
2013-02-07,177.46,177.46,177.46,177.46,0,0,0
2013-02-08,1.72,1.72,1.72,1.72,9560,0,0
2013-02-11,1.72,1.72,1.72,1.72,622,0,0
2013-02-12,1.72,1.73,1.72,1.73,35717,0,0
2013-02-13,180.8,180.8,180.8,180.8,0,0,0
2013-02-14,1.72,1.73,1.72,1.73,19773,0,0
2013-02-15,1.7,1.79,1.45,1.79,170643,0,0
2013-02-19,1.72,1.75,1.72,1.75,1215,0,0
2013-02-20,1.75,1.75,1.75,1.75,11891,0,0
2013-02-21,1.75,1.75,1.65,1.7,853793,0,0
2013-02-22,1.7,1.75,1.7,1.75,7195,0,0
2013-02-25,1.7,1.75,1.7,1.75,15874,0,0
2013-02-26,180.81,180.81,180.81,180.81,0,0,0
2013-02-27,1.65,1.86,1.65,1.85,41040,0,0
2013-02-28,1.85,1.87,1.85,1.87,39477,0,0
2013-03-01,179.24,179.24,179.24,179.24,0,0,0
2013-03-04,1.97,1.97,1.75,1.89,15341,0,0
2013-03-05,1.84,1.89,1.84,1.89,48430,0,0
2013-03-06,1.9,1.9,1.76,1.79,42888,0,0
2013-03-07,179.18,179.18,179.18,179.18,0,0,0
2013-03-08,1.85,1.87,1.82,1.87,62560,0,0
2013-03-11,1.8,1.85,1.8,1.85,1978,0,0
2013-03-12,1.85,1.85,1.85,1.85,1467,0,0
2013-03-13,1.8,1.85,1.8,1.8,2129,0,0
2013-03-14,1.81,1.82,1.8,1.82,24527,0,0
2013-03-15,1.75,1.84,1.71,1.84,162042,0,0
2013-03-18,1.76,1.84,1.76,1.84,2465,0,0
2013-03-19,1.85,1.85,1.85,1.85,4300,0,0
2013-03-20,177.45,177.45,177.45,177.45,0,0,0
2013-03-21,1.82,1.82,1.82,1.82,200,0,0
2013-03-22,1.84,1.9,1.84,1.9,450379,0,0
2013-03-25,178.32,178.32,178.32,178.32,0,0,0
2013-03-26,1.89,1.95,1.89,1.95,47852,0,0
2013-03-27,1.96,2.15,1.95,2.15,15157,0,0
2013-03-28,2.0,2.15,1.96,2.1,50307,0,0
2013-04-01,2.1,2.14,2.09,2.14,17173,0,0
2013-04-02,2.1,2.1,2.1,2.1,32929,0,0
2013-04-03,2.05,2.11,2.05,2.1,32695,0,0
2013-04-04,2.1,2.1,2.01,2.01,12611,0,0
2013-04-05,2.05,2.05,1.87,2.0,15975,0,0
2013-04-08,1.95,1.95,1.95,1.95,4383,0,0
2013-04-09,181.09,181.09,181.09,181.09,0,0,0
2013-04-10,1.94,2.0,1.94,1.95,155634,0,0
2013-04-11,181.6,181.6,181.6,181.6,0,0,0
2013-04-12,2.0,2.02,1.97,2.02,61505,0,0
2013-04-15,2.0,2.0,1.95,2.0,2030532,0,0
2013-04-16,179.17,179.17,179.17,179.17,0,0,0
2013-04-17,1.99,2.02,1.99,2.01,20975,0,0
2013-04-18,2.02,2.02,1.95,1.99,19510,0,0
2013-04-19,1.95,2.02,1.95,1.95,600220,0,0
2013-04-22,2.02,2.02,1.99,1.99,58118,0,0
2013-04-23,2.0,2.01,1.99,1.99,13315,0,0
2013-04-24,2.0,2.0,1.95,1.95,10458,0,0
2013-04-25,1.94,2.02,1.94,1.95,48859,0,0
2013-04-26,1.95,2.02,1.95,2.0,101839,0,0
2013-04-29,2.02,2.05,2.0,2.04,66938,0,0
2013-04-30,2.02,2.15,2.02,2.14,71420,0,0
2013-05-01,2.14,2.19,2.0,2.0,122014,0,0
2013-05-02,2.0,2.05,2.0,2.05,4957,0,0
2013-05-03,2.13,2.13,2.04,2.05,5367,0,0
2013-05-06,2.13,2.13,2.08,2.11,5731,0,0
2013-05-07,2.1,2.1,2.06,2.06,26084,0,0
2013-05-08,2.06,2.12,2.05,2.12,2506772,0,0
2013-05-09,2.11,2.11,2.03,2.04,17629,0,0
2013-05-10,2.04,2.04,2.03,2.03,2667,0,0
2013-05-13,174.28,174.28,174.28,174.28,0,0,0
2013-05-14,2.01,2.01,2.0,2.0,34431,0,0
2013-05-15,2.0,2.08,2.0,2.02,8560,0,0
2013-05-16,2.08,2.09,2.02,2.07,368234,0,0
2013-05-17,2.08,2.11,2.03,2.11,238306,0,0
2013-05-20,2.11,2.11,2.11,2.11,0,0,0
2013-05-21,2.07,2.11,2.07,2.11,22590,0,0
2013-05-22,168.01,168.01,168.01,168.01,0,0,0
2013-05-23,2.11,2.2,2.11,2.11,13587,0,0
2013-05-24,2.15,2.19,2.15,2.19,56905,0,0
2013-05-28,2.17,2.3,2.12,2.3,91736,0,0
2013-05-29,165.55,165.55,165.55,165.55,0,0,0
2013-05-30,2.46,2.5,2.35,2.36,64791,0,0
2013-05-31,2.33,2.35,2.3,2.3,112059,0,0
2013-06-03,2.35,2.39,2.3,2.39,80596,0,0
2013-06-04,158.59,158.59,158.59,158.59,0,0,0
2013-06-05,2.32,2.4,2.32,2.34,9229,0,0
2013-06-06,2.35,2.36,2.35,2.36,5031,0,0
2013-06-07,2.25,2.41,2.25,2.41,17979,0,0
2013-06-10,2.4,2.4,2.4,2.4,628,0,0
2013-06-11,2.5,2.5,2.35,2.45,3313,0,0
2013-06-12,2.35,2.35,2.35,2.35,850,0,0
2013-06-13,2.35,2.45,2.23,2.45,29735,0,0
2013-06-14,2.45,2.49,2.45,2.49,61420,0,0
2013-06-17,2.49,2.55,2.47,2.55,113234,0,0
2013-06-18,155.39,155.39,155.39,155.39,0,0,0
2013-06-19,2.57,2.61,2.57,2.61,14933,0,0
2013-06-20,150.38,150.38,150.38,150.38,0,0,0
2013-06-21,2.55,2.55,2.55,2.55,523,0,0
2013-06-24,2.6,2.6,2.45,2.49,224866,0,0
2013-06-25,147.42,147.42,147.42,147.42,0,0,0
2013-06-26,2.6,2.6,2.52,2.56,56385,0,0
2013-06-27,2.68,2.7,2.6,2.67,74196,0,0
2013-06-28,2.68,2.7,2.67,2.7,37122,0,0
2013-07-01,2.7,2.7,2.7,2.7,0,0,0
2013-07-02,2.7,2.74,2.63,2.63,64028,0,0
2013-07-03,2.74,2.74,2.66,2.66,26028,0,0
2013-07-05,2.65,2.65,2.64,2.65,60520,0,0
2013-07-08,2.63,2.74,2.63,2.65,40769,0,0
2013-07-09,2.65,2.65,2.61,2.61,7100,0,0
2013-07-10,2.7,2.7,2.7,2.7,55768,0,0
2013-07-11,2.74,2.75,2.7,2.71,13203,0,0
2013-07-12,2.79,2.88,2.79,2.86,47479,0,0
2013-07-15,2.89,3.0,2.89,2.98,119915,0,0
2013-07-16,2.99,3.19,2.99,3.08,166285,0,0
2013-07-17,153.18,153.18,153.18,153.18,0,0,0
2013-07-18,2.86,3.0,2.76,3.0,16875,0,0
2013-07-19,3.0,3.0,2.9,2.9,2462,0,0
2013-07-22,2.93,2.93,2.93,2.93,1000,0,0
2013-07-23,157.02,157.02,157.02,157.02,0,0,0
2013-07-24,2.8,2.83,2.77,2.8,10462,0,0
2013-07-25,2.8,2.94,2.8,2.87,74291,0,0
2013-07-26,2.8,2.9,2.8,2.83,9224,0,0
2013-07-29,2.83,2.9,2.8,2.9,37377,0,0
2013-07-30,2.85,2.85,2.85,2.85,32000,0,0
2013-07-31,2.83,3.01,2.8,3.0,234884,0,0
2013-08-01,3.03,3.03,2.91,3.0,131637,0,0
2013-08-02,3.0,3.0,2.73,3.0,210942,0,0
2013-08-05,3.0,3.0,3.0,3.0,0,0,0
2013-08-06,2.99,3.0,2.91,3.0,83122,0,0
2013-08-07,3.0,3.01,2.99,3.01,110916,0,0
2013-08-08,3.0,3.05,3.0,3.05,36270,0,0
2013-08-09,3.09,3.09,2.9,3.03,576077,0,0
2013-08-12,3.05,3.05,3.0,3.04,52123,0,0
2013-08-13,156.25,156.25,156.25,156.25,0,0,0
2013-08-14,3.05,3.05,3.05,3.05,461755,0,0
2013-08-15,3.08,3.12,3.05,3.1,45102,0,0
2013-08-16,3.08,3.18,3.07,3.15,109593,0,0
2013-08-19,3.15,3.15,3.1,3.15,33032,0,0
2013-08-20,3.1,3.24,3.1,3.24,68526,0,0
2013-08-21,3.26,3.29,3.22,3.29,201220,0,0
2013-08-22,155.99,155.99,155.99,155.99,0,0,0
2013-08-23,158.96,158.96,158.96,158.96,0,0,0
2013-08-26,3.3,3.43,3.3,3.4,109565,0,0
2013-08-27,3.4,3.49,3.39,3.39,40315,0,0
2013-08-28,3.4,3.45,3.4,3.4,75168,0,0
2013-08-29,159.15,159.15,159.15,159.15,0,0,0
2013-08-30,3.45,3.48,3.45,3.45,15642,0,0
2013-09-03,3.46,3.52,3.46,3.5,223752,0,0
2013-09-04,161.65,161.65,161.65,161.65,0,0,0
2013-09-05,3.45,3.49,3.41,3.49,15194,0,0
2013-09-06,3.5,3.5,3.45,3.5,446829,0,0
2013-09-09,3.52,3.55,3.52,3.54,76552,0,0
2013-09-10,3.56,3.6,3.56,3.6,30997,0,0
2013-09-11,3.74,3.74,3.58,3.6,590762,0,0
2013-09-12,3.6,3.62,3.54,3.62,98937,0,0
2013-09-13,3.62,3.65,3.6,3.62,120636,0,0
2013-09-16,3.7,3.7,3.56,3.57,4984,0,0
2013-09-17,164.05,164.05,164.05,164.05,0,0,0
2013-09-18,3.65,3.74,3.6,3.7,91412,0,0
2013-09-19,3.68,3.72,3.62,3.72,2044,0,0
2013-09-20,3.72,3.73,3.65,3.68,11515,0,0
2013-09-23,3.68,3.75,3.68,3.7,84837,0,0
2013-09-24,3.63,3.8,3.63,3.75,218328,0,0
2013-09-25,3.75,3.8,3.7,3.7,18500,0,0
2013-09-26,3.64,3.64,3.58,3.64,48350,0,0
2013-09-27,3.58,3.7,3.58,3.65,32849,0,0
2013-09-30,3.6,3.6,3.55,3.57,229428,0,0
2013-10-01,3.57,3.7,3.56,3.59,45606,0,0
2013-10-02,3.69,3.69,3.59,3.59,23398,0,0
2013-10-03,3.6,3.63,3.55,3.58,70900,0,0
2013-10-04,3.6,3.6,3.53,3.53,88379,0,0
2013-10-07,3.64,3.64,3.55,3.55,27948,0,0
2013-10-08,164.98,164.98,164.98,164.98,0,0,0
2013-10-09,3.53,3.53,3.46,3.5,210523,0,0
2013-10-10,164.99,164.99,164.99,164.99,0,0,0
2013-10-11,3.29,3.38,3.29,3.35,61854,0,0
2013-10-14,3.35,3.35,3.35,3.35,0,0,0
2013-10-15,3.35,3.37,3.35,3.36,27760,0,0
2013-10-16,3.36,3.5,3.36,3.5,542298,0,0
2013-10-17,3.6,3.6,3.5,3.56,13285,0,0
2013-10-18,3.55,3.63,3.5,3.6,56770,0,0
2013-10-21,3.5,3.68,3.5,3.55,56069,0,0
2013-10-22,169.66,169.66,169.66,169.66,0,0,0
2013-10-23,3.55,3.57,3.55,3.57,7588,0,0
2013-10-24,3.6,3.6,3.37,3.45,59922,0,0
2013-10-25,3.45,3.55,3.42,3.42,21932,0,0
2013-10-28,3.45,3.63,3.45,3.51,532724,0,0
2013-10-29,3.51,3.6,3.51,3.6,287657,0,0
2013-10-30,3.65,3.77,3.56,3.6,697066,0,0
2013-10-31,3.55,3.64,3.53,3.53,21452,0,0
2013-11-01,3.6,3.6,3.5,3.5,123116,0,0
2013-11-04,3.65,3.68,3.6,3.65,68500,0,0
2013-11-05,3.67,3.67,3.56,3.6,72443,0,0
2013-11-06,3.58,3.6,3.57,3.58,254649,0,0
2013-11-07,3.58,3.64,3.55,3.61,72206,0,0
2013-11-08,3.6,3.7,3.51,3.7,51256,0,0
2013-11-11,3.65,3.77,3.65,3.77,41376,0,0
2013-11-12,3.77,3.78,3.65,3.7,102145,0,0
2013-11-13,3.65,3.65,3.59,3.6,13775,0,0
2013-11-14,3.6,3.65,3.6,3.62,104900,0,0
2013-11-15,3.55,3.6,3.55,3.6,78104,0,0
2013-11-18,3.55,3.65,3.55,3.6,16398,0,0
2013-11-19,3.64,3.64,3.54,3.58,291520,0,0
2013-11-20,3.6,3.6,3.55,3.6,181487,0,0
2013-11-21,3.64,3.64,3.57,3.6,264581,0,0
2013-11-22,3.6,3.71,3.52,3.71,64993,0,0
2013-11-25,3.6,3.65,3.56,3.65,14060,0,0
2013-11-26,3.65,3.65,3.65,3.65,20758,0,0
2013-11-27,3.68,3.81,3.68,3.8,108909,0,0
2013-11-29,173.17,173.17,173.17,173.17,0,0,0
2013-12-02,3.8,4.0,3.8,3.85,111067,0,0
2013-12-03,3.8,3.85,3.7,3.7,188464,0,0
2013-12-04,3.7,3.8,3.66,3.66,33847,0,0
2013-12-05,3.9,3.9,3.7,3.7,19914,0,0
2013-12-06,3.71,3.8,3.7,3.75,11280,0,0
2013-12-09,3.86,3.95,3.76,3.95,22531,0,0
2013-12-10,3.8,3.8,3.73,3.73,10798,0,0
2013-12-11,3.73,3.73,3.7,3.7,28810,0,0
2013-12-12,3.7,3.75,3.7,3.7,63775,0,0
2013-12-13,3.75,3.98,3.75,3.9,41166,0,0
2013-12-16,3.9,3.9,3.85,3.85,1289,0,0
2013-12-17,3.85,3.9,3.85,3.85,48499,0,0
2013-12-18,3.9,3.95,3.85,3.95,9122,0,0
2013-12-19,177.03,177.03,177.03,177.03,0,0,0
2013-12-20,4.0,4.2,4.0,4.19,50097,0,0
2013-12-23,4.19,4.26,4.19,4.19,31368,0,0
2013-12-24,4.04,4.21,4.04,4.21,12900,0,0
2013-12-26,4.21,4.21,4.21,4.21,0,0,0
2013-12-27,4.1,4.21,4.07,4.13,18206,0,0
2013-12-30,4.04,4.04,4.0,4.01,5401,0,0
2013-12-31,4.0,4.17,3.94,4.05,8100,0,0
2014-01-02,4.05,4.22,4.04,4.05,181561,0,0
2014-01-03,4.05,4.11,4.05,4.1,20622,0,0
2014-01-06,4.16,4.19,4.1,4.13,63548,0,0
2014-01-07,4.17,4.17,4.06,4.12,48869,0,0
2014-01-08,178.53,178.53,178.53,178.53,0,0,0
2014-01-09,4.12,4.13,4.1,4.12,10727,0,0
2014-01-10,4.1,4.21,4.0,4.05,3402656,0,0
2014-01-13,183.03,183.03,183.03,183.03,0,0,0
2014-01-14,3.95,4.16,3.93,3.95,3684,0,0
2014-01-15,3.95,4.14,3.95,4.12,32350,0,0
2014-01-16,4.01,4.13,4.01,4.09,655450,0,0
2014-01-17,4.09,4.17,4.05,4.15,71169,0,0
2014-01-21,4.38,4.38,4.28,4.35,3533386,0,0
2014-01-22,4.32,4.32,4.23,4.23,3932,0,0
2014-01-23,187.3,187.3,187.3,187.3,0,0,0
2014-01-24,4.4,4.5,4.21,4.41,318593,0,0
2014-01-27,4.4,4.4,4.25,4.3,16295,0,0
2014-01-28,4.35,4.35,4.2,4.2,88077,0,0
2014-01-29,4.25,4.25,4.11,4.11,102600,0,0
2014-01-30,4.12,4.25,4.12,4.25,550395,0,0
2014-01-31,4.2,4.25,4.18,4.25,99074,0,0
2014-02-03,4.21,4.21,4.15,4.21,38430,0,0
2014-02-04,4.18,4.29,4.18,4.29,46422,0,0
2014-02-05,4.3,4.44,4.15,4.38,81692,0,0
2014-02-06,4.35,4.6,4.31,4.4,190383,0,0
2014-02-07,4.4,4.6,4.34,4.5,279070,0,0
2014-02-10,182.88,182.88,182.88,182.88,0,0,0
2014-02-11,4.6,4.64,4.59,4.62,25450,0,0
2014-02-12,4.62,4.73,4.62,4.64,439988,0,0
2014-02-13,4.65,4.65,4.48,4.65,39406,0,0
2014-02-14,181.21,181.21,181.21,181.21,0,0,0
2014-02-18,182.88,182.88,182.88,182.88,0,0,0
2014-02-19,4.9,4.95,4.83,4.84,353740,0,0
2014-02-20,4.9,4.95,4.86,4.93,94620,0,0
2014-02-21,4.93,4.93,4.83,4.89,30358,0,0
2014-02-24,4.9,4.92,4.7,4.8,151414,0,0
2014-02-25,4.8,4.85,4.75,4.77,29690,0,0
2014-02-26,4.85,4.88,4.85,4.86,16934,0,0
2014-02-27,4.79,4.79,4.71,4.74,300237,0,0
2014-02-28,186.75,186.75,186.75,186.75,0,0,0
2014-03-03,185.65,185.65,185.65,185.65,0,0,0
2014-03-04,179.83,179.83,179.83,179.83,0,0,0
2014-03-05,182.62,182.62,182.62,182.62,0,0,0
2014-03-06,4.77,4.83,4.75,4.8,84203,0,0
2014-03-07,185.99,185.99,185.99,185.99,0,0,0
2014-03-10,4.72,4.8,4.63,4.68,281399,0,0
2014-03-11,184.8,184.8,184.8,184.8,0,0,0
2014-03-12,4.7,4.7,4.54,4.54,133370,0,0
2014-03-13,4.6,4.62,4.52,4.6,349961,0,0
2014-03-14,4.56,4.62,4.46,4.48,253414,0,0
2014-03-17,4.5,4.7,4.38,4.49,88375,0,0
2014-03-18,4.51,4.65,4.5,4.63,174426,0,0
2014-03-19,4.7,4.7,4.55,4.65,139691,0,0
2014-03-20,4.65,4.65,4.5,4.55,8698,0,0
2014-03-21,4.5,4.6,4.4,4.58,52397,0,0
2014-03-24,4.6,4.6,4.5,4.5,166011,0,0
2014-03-25,4.5,4.55,4.45,4.5,92505,0,0
2014-03-26,4.46,4.69,4.36,4.69,160267,0,0
2014-03-27,4.6,4.64,4.51,4.61,173168,0,0
2014-03-28,4.62,4.88,4.56,4.84,342951,0,0
2014-03-31,183.47,183.47,183.47,183.47,0,0,0
2014-04-01,185.2,185.2,185.2,185.2,0,0,0
2014-04-02,4.8,4.8,4.68,4.78,408036,0,0
2014-04-03,187.43,187.43,187.43,187.43,0,0,0
2014-04-04,4.85,4.88,4.8,4.84,1106459,0,0
2014-04-07,4.8,4.86,4.77,4.84,119595,0,0
2014-04-08,188.12,188.12,188.12,188.12,0,0,0
2014-04-09,4.8,4.94,4.79,4.9,303727,0,0
2014-04-10,4.89,5.03,4.82,4.95,412185,0,0
2014-04-11,4.96,5.31,4.93,5.21,136055,0,0
2014-04-14,5.28,5.4,5.23,5.38,597419,0,0
2014-04-15,5.4,5.5,5.31,5.38,895744,0,0
2014-04-16,5.45,5.45,5.32,5.4,171035,0,0
2014-04-17,5.4,5.5,5.35,5.42,268497,0,0
2014-04-21,5.5,5.65,5.42,5.55,379090,0,0
2014-04-22,190.44,190.44,190.44,190.44,0,0,0
2014-04-23,5.65,5.7,5.5,5.65,69870,0,0
2014-04-24,191.16,191.16,191.16,191.16,0,0,0
2014-04-25,5.73,5.73,5.56,5.59,159995,0,0
2014-04-28,5.5,5.6,5.46,5.59,627735,0,0
2014-04-29,5.59,5.64,5.44,5.61,156636,0,0
2014-04-30,192.2,192.2,192.2,192.2,0,0,0
2014-05-01,5.6,5.65,5.6,5.65,266094,0,0
2014-05-02,5.65,5.75,5.6,5.7,147705,0,0
2014-05-05,5.64,5.7,5.6,5.6,37806,0,0
2014-05-06,191.78,191.78,191.78,191.78,0,0,0
2014-05-07,0.21,0.21,0.21,0.21,0,0,0
2014-05-08,0.2,0.2,0.2,0.2,0,0,0
2014-05-09,5.45,5.57,5.0,5.07,776571,0,0
2014-05-12,0.2,0.21,0.2,0.21,0,0,0
2014-05-13,5.06,5.13,4.8,5.03,460703,0,0
2014-05-14,0.21,0.22,0.21,0.22,0,0,0
2014-05-15,5.17,5.17,4.87,5.0,110753,0,0
2014-05-16,191.31,191.31,191.31,191.31,0,0,0
2014-05-19,0.21,0.21,0.21,0.21,0,0,0
2014-05-20,0.21,0.21,0.21,0.21,0,0,0
2014-05-21,0.21,0.21,0.21,0.21,0,0,0
2014-05-22,0.21,0.21,0.21,0.21,0,0,0
2014-05-23,189.61,189.61,189.61,189.61,0,0,0
2014-05-27,0.19,0.19,0.19,0.19,0,0,0
2014-05-28,0.2,0.2,0.19,0.19,0,0,0
2014-05-30,191.68,191.68,191.68,191.68,0,0,0
2014-06-03,190.15,190.15,190.15,190.15,0,0,0
2014-06-06,190.74,190.74,190.74,190.74,0,0,0
2014-06-09,189.73,189.73,189.73,189.73,0,0,0
2014-06-10,190.13,190.13,190.13,190.13,0,0,0
2014-06-11,189.93,189.93,189.93,189.93,0,0,0
2014-06-12,190.54,190.54,190.54,190.54,0,0,0
2014-06-13,190.12,190.12,190.12,190.12,0,0,0
2014-06-16,188.42,188.42,188.42,188.42,0,0,0
2014-06-17,189.11,189.11,189.11,189.11,0,0,0
2014-06-18,186.25,186.25,186.25,186.25,0,0,0
2014-06-19,186.49,186.49,186.49,186.49,0,0,0
2014-06-20,5.5,5.5,5.35,5.44,143774,0,0
2014-06-23,185.58,185.58,185.58,185.58,0,0,0
2014-06-24,184.48,184.48,184.48,184.48,0,0,0
2014-06-25,185.08,185.08,185.08,185.08,0,0,0
2014-06-26,183.85,183.85,183.85,183.85,0,0,0
2014-06-27,5.49,5.5,5.4,5.46,234086,0,0
2014-06-30,5.48,5.48,5.28,5.28,186214,0,0
2014-07-01,5.28,5.28,5.28,5.28,0,0,0
2014-07-02,5.3,5.55,5.3,5.55,59563,0,0
2014-07-03,186.93,186.93,186.93,186.93,0,0,0
2014-07-07,185.86,185.86,185.86,185.86,0,0,0
2014-07-08,187.42,187.42,187.42,187.42,0,0,0
2014-07-09,5.4,5.43,5.26,5.32,23553,0,0
2014-07-10,5.18,5.23,5.09,5.15,84984,0,0
2014-07-11,187.51,187.51,187.51,187.51,0,0,0
2014-07-14,4.95,5.2,4.95,5.09,536372,0,0
2014-07-15,5.09,5.09,4.82,5.05,106775,0,0
2014-07-16,0.2,0.2,0.2,0.2,0,0,0
2014-07-17,0.21,0.21,0.21,0.21,0,0,0
2014-07-18,187.75,187.75,187.75,187.75,0,0,0
2014-07-21,187.23,187.23,187.23,187.23,0,0,0
2014-07-22,4.7,4.77,4.58,4.74,636147,0,0
2014-07-23,188.06,188.06,188.06,188.06,0,0,0
2014-07-24,188.28,188.28,188.28,188.28,0,0,0
2014-07-25,4.75,4.77,4.65,4.65,630981,0,0
2014-07-28,0.19,0.19,0.18,0.18,20000,0,0
2014-07-29,188.74,188.74,188.74,188.74,0,0,0
2014-07-30,187.68,187.68,187.68,187.68,0,0,0
2014-07-31,4.57,4.77,4.52,4.64,258394,0,0
2014-08-01,4.69,4.7,4.55,4.64,342158,0,0
2014-08-04,191.05,191.05,191.05,191.05,0,0,0
2014-08-05,0.21,0.21,0.21,0.21,0,0,0
2014-08-06,4.68,4.75,4.6,4.66,379925,0,0
2014-08-07,0.17,0.19,0.16,0.16,28000,0,0
2014-08-08,4.73,4.9,4.7,4.8,162797,0,0
2014-08-11,4.8,4.81,4.57,4.6,244327,0,0
2014-08-12,0.19,0.19,0.18,0.18,0,0,0
2014-08-13,4.47,4.64,4.47,4.62,151962,0,0
2014-08-14,4.47,4.53,4.3,4.4,346476,0,0
2014-08-15,4.61,4.84,4.61,4.71,2165952,0,0
2014-08-18,0.17,0.17,0.17,0.17,28000,0,0
2014-08-19,196.03,196.03,196.03,196.03,0,0,0
2014-08-20,0.2,0.2,0.2,0.2,0,0,0
2014-08-21,196.55,196.55,196.55,196.55,0,0,0
2014-08-22,196.35,196.35,196.35,196.35,0,0,0
2014-08-25,0.17,0.17,0.17,0.17,28000,0,0
2014-08-26,5.38,5.64,5.3,5.56,1903605,0,0
2014-08-27,0.17,0.18,0.17,0.17,28000,0,0
2014-08-28,198.74,198.74,198.74,198.74,0,0,0
2014-08-29,5.63,5.83,5.55,5.76,183971,0,0
2014-09-02,0.17,0.17,0.16,0.16,1000,0,0
2014-09-03,0.16,0.16,0.16,0.16,28000,0,0
2014-09-04,192.83,192.83,192.83,192.83,0,0,0
2014-09-05,0.17,0.17,0.17,0.17,0,0,0
2014-09-08,0.16,0.16,0.16,0.16,28000,0,0
2014-09-09,0.17,0.17,0.17,0.17,28000,0,0
2014-09-10,0.16,0.16,0.16,0.16,0,0,0
2014-09-11,5.86,5.94,5.78,5.94,133535,0,0
2014-09-12,0.14,0.14,0.14,0.14,28000,0,0
2014-09-15,5.98,6.1,5.95,6.0,502958,0,0
2014-09-16,0.16,0.16,0.16,0.16,0,0,0
2014-09-17,0.15,0.18,0.15,0.18,5000,0,0
2014-09-18,0.16,0.16,0.15,0.15,0,0,0
2014-09-19,0.18,0.18,0.18,0.18,0,0,0
2014-09-22,0.13,0.13,0.13,0.13,25000,0,0
2014-09-23,0.14,0.14,0.14,0.14,0,0,0
2014-09-24,0.15,0.18,0.15,0.18,2900,0,0
2014-09-25,199.69,199.69,199.69,199.69,0,0,0
2014-09-26,0.19,0.19,0.19,0.19,17000,0,0
2014-09-29,0.15,0.15,0.14,0.14,25000,0,0
2014-09-30,5.61,5.82,5.56,5.77,385172,0,0
2014-10-01,0.15,0.18,0.15,0.18,0,0,0
2014-10-02,0.15,0.15,0.15,0.15,0,0,0
2014-10-03,0.15,0.15,0.15,0.15,0,0,0
2014-10-06,0.15,0.15,0.15,0.15,0,0,0
2014-10-07,204.27,204.27,204.27,204.27,0,0,0
2014-10-08,0.14,0.14,0.14,0.14,0,0,0
2014-10-09,204.8,204.8,204.8,204.8,0,0,0
2014-10-10,204.32,204.32,204.32,204.32,0,0,0
2014-10-13,203.37,203.37,203.37,203.37,0,0,0
2014-10-14,203.16,203.16,203.16,203.16,0,0,0
2014-10-15,4.75,4.94,4.62,4.8,444861,0,0
2014-10-16,207.26,207.26,207.26,207.26,0,0,0
2014-10-17,206.29,206.29,206.29,206.29,0,0,0
2014-10-20,206.65,206.65,206.65,206.65,0,0,0
2014-10-21,206.55,206.55,206.55,206.55,0,0,0
2014-10-22,204.7,204.7,204.7,204.7,0,0,0
2014-10-23,5.1,5.5,5.1,5.23,168244,0,0
2014-10-24,5.25,5.3,5.12,5.23,278165,0,0
2014-10-27,207.49,207.49,207.49,207.49,0,0,0
2014-10-28,4.87,5.15,4.7,5.1,292379,0,0
2014-10-29,0.09,0.09,0.09,0.09,0,0,0
2014-10-30,0.09,0.09,0.07,0.08,91700,0,0
2014-10-31,5.15,5.15,4.99,5.01,171967,0,0
2014-11-03,5.18,5.25,5.02,5.02,145335,0,0
2014-11-04,205.72,205.72,205.72,205.72,0,0,0
2014-11-05,203.76,203.76,203.76,203.76,0,0,0
2014-11-06,5.19,5.38,4.98,5.19,155480,0,0
2014-11-07,0.09,0.1,0.09,0.1,0,0,0
2014-11-10,5.31,5.4,5.17,5.24,144469,0,0
2014-11-11,197.91,197.91,197.91,197.91,0,0,0
2014-11-12,0.12,0.12,0.12,0.12,0,0,0
2014-11-13,5.2,5.3,5.07,5.17,534561,0,0
2014-11-14,0.1,0.1,0.1,0.1,0,0,0
2014-11-17,199.38,199.38,199.38,199.38,0,0,0
2014-11-18,199.52,199.52,199.52,199.52,0,0,0
2014-11-19,199.44,199.44,199.44,199.44,0,0,0
2014-11-20,0.07,0.08,0.07,0.07,0,0,0
2014-11-21,0.07,0.08,0.07,0.08,0,0,0
2014-11-24,198.64,198.64,198.64,198.64,0,0,0
2014-11-25,0.07,0.07,0.07,0.07,0,0,0
2014-11-26,5.22,5.38,5.1,5.15,162543,0,0
2014-11-28,4.91,4.99,4.82,4.95,204801,0,0
2014-12-01,199.88,199.88,199.88,199.88,0,0,0
2014-12-02,4.68,4.95,4.68,4.87,122337,0,0
2014-12-03,4.9,5.1,4.73,5.0,1446195,0,0
2014-12-04,4.85,4.9,4.43,4.7,247131,0,0
2014-12-05,0.05,0.05,0.05,0.05,0,0,0
2014-12-08,4.59,4.59,4.24,4.4,208240,0,0
2014-12-09,0.06,0.06,0.06,0.06,0,0,0
2014-12-10,0.05,0.05,0.05,0.05,0,0,0
2014-12-11,0.06,0.06,0.06,0.06,0,0,0
2014-12-12,3.37,3.86,3.37,3.73,434285,0,0
2014-12-15,3.82,4.05,3.6,3.99,822814,0,0
2014-12-16,0.06,0.06,0.05,0.05,1500,0,0
2014-12-17,0.05,0.05,0.05,0.05,0,0,0
2014-12-18,4.75,4.83,4.47,4.5,778757,0,0
2014-12-19,0.06,0.07,0.06,0.07,3500,0,0
2014-12-22,0.05,0.06,0.05,0.06,0,0,0
2014-12-23,0.05,0.06,0.05,0.06,0,0,0
2014-12-24,0.06,0.06,0.06,0.06,0,0,0
2014-12-26,0.09,0.09,0.09,0.09,0,0,0
2014-12-29,0.06,0.07,0.05,0.07,0,0,0
2014-12-30,0.08,0.08,0.08,0.08,0,0,0
2014-12-31,0.06,0.06,0.06,0.06,0,0,0
2015-01-02,185.77,185.77,185.77,185.77,0,0,0
2015-01-05,182.5,182.5,182.5,182.5,0,0,0
2015-01-06,179.08,179.08,179.08,179.08,0,0,0
2015-01-07,179.08,179.08,179.08,179.08,0,0,0
2015-01-08,175.87,175.87,175.87,175.87,0,0,0
2015-01-09,177.28,177.28,177.28,177.28,0,0,0
2015-01-12,177.18,177.18,177.18,177.18,0,0,0
2015-01-13,174.8,174.8,174.8,174.8,0,0,0
2015-01-14,175.15,175.15,175.15,175.15,0,0,0
2015-01-15,172.02,172.02,172.02,172.02,0,0,0
2015-01-16,171.28,171.28,171.28,171.28,0,0,0
2015-01-20,168.97,168.97,168.97,168.97,0,0,0
2015-01-21,168.93,168.93,168.93,168.93,0,0,0
2015-01-22,166.74,166.74,166.74,166.74,0,0,0
2015-01-23,0.09,0.09,0.09,0.09,0,0,0
2015-01-26,170.88,170.88,170.88,170.88,0,0,0
2015-01-27,173.24,173.24,173.24,173.24,0,0,0
2015-01-28,172.0,172.0,172.0,172.0,0,0,0
2015-01-29,171.99,171.99,171.99,171.99,0,0,0
2015-01-30,171.87,171.87,171.87,171.87,0,0,0
2015-02-02,172.14,172.14,172.14,172.14,0,0,0
2015-02-03,174.76,174.76,174.76,174.76,0,0,0
2015-02-04,173.87,173.87,173.87,173.87,0,0,0
2015-02-05,3.9,3.9,3.75,3.75,45799,0,0
2015-02-06,3.8,3.8,3.71,3.75,57235,0,0
2015-02-09,174.03,174.03,174.03,174.03,0,0,0
2015-02-10,174.14,174.14,174.14,174.14,0,0,0
2015-02-11,3.9,4.16,3.8,4.09,41421,0,0
2015-02-12,4.09,4.37,4.06,4.25,34063,0,0
2015-02-13,176.49,176.49,176.49,176.49,0,0,0
2015-02-17,4.6,4.61,4.38,4.42,30096,0,0
2015-02-18,175.09,175.09,175.09,175.09,0,0,0
2015-02-19,174.49,174.49,174.49,174.49,0,0,0
2015-02-20,4.26,4.4,4.26,4.32,38683,0,0
2015-02-23,175.18,175.18,175.18,175.18,0,0,0
2015-02-24,4.25,4.48,4.22,4.42,55689,0,0
2015-02-25,4.47,4.89,4.44,4.78,128920,0,0
2015-02-26,4.86,5.08,4.51,4.65,588467,0,0
2015-02-27,173.03,173.03,173.03,173.03,0,0,0
2015-03-02,172.82,172.82,172.82,172.82,0,0,0
2015-03-03,0.08,0.08,0.07,0.07,0,0,0
2015-03-04,0.07,0.07,0.06,0.07,0,0,0
2015-03-05,4.98,4.98,4.85,4.9,10143,0,0
2015-03-06,0.07,0.07,0.07,0.07,0,0,0
2015-03-09,4.82,4.83,4.58,4.7,218500,0,0
2015-03-10,4.6,4.69,4.5,4.6,288996,0,0
2015-03-11,0.06,0.06,0.06,0.06,0,0,0
2015-03-12,0.06,0.06,0.06,0.06,0,0,0
2015-03-13,4.4,4.46,4.15,4.39,47571,0,0
2015-03-16,4.16,4.65,4.08,4.57,54025,0,0
2015-03-17,4.35,4.64,4.35,4.5,67421,0,0
2015-03-18,0.05,0.06,0.05,0.05,0,0,0
2015-03-19,160.41,160.41,160.41,160.41,0,0,0
2015-03-20,4.6,4.69,4.5,4.5,384921,0,0
2015-03-23,4.5,4.55,4.3,4.36,829715,0,0
2015-03-24,165.58,165.58,165.58,165.58,0,0,0
2015-03-25,0.06,0.06,0.06,0.06,0,0,0
2015-03-26,0.06,0.06,0.06,0.06,0,0,0
2015-03-27,0.06,0.06,0.06,0.06,0,0,0
2015-03-30,4.55,4.73,4.49,4.65,998083,0,0
2015-03-31,0.06,0.06,0.05,0.05,0,0,0
2015-04-01,4.62,4.63,4.46,4.51,32826,0,0
2015-04-02,168.76,168.76,168.76,168.76,0,0,0
2015-04-06,0.07,0.07,0.07,0.07,0,0,0
2015-04-07,0.07,0.07,0.07,0.07,0,0,0
2015-04-08,4.64,4.73,4.61,4.68,16300,0,0
2015-04-09,4.73,4.73,4.64,4.69,284237,0,0
2015-04-10,4.7,4.7,4.55,4.59,199086,0,0
2015-04-13,4.53,4.67,4.5,4.61,96213,0,0
2015-04-14,0.08,0.08,0.07,0.07,0,0,0
2015-04-15,0.07,0.07,0.07,0.07,0,0,0
2015-04-16,4.83,5.05,4.83,4.99,197691,0,0
2015-04-17,4.95,5.02,4.86,4.88,69902,0,0
2015-04-20,0.07,0.07,0.06,0.06,0,0,0
2015-04-21,0.06,0.07,0.06,0.07,0,0,0
2015-04-22,0.07,0.07,0.06,0.06,0,0,0
2015-04-23,0.06,0.06,0.06,0.06,0,0,0
2015-04-24,0.06,0.06,0.06,0.06,0,0,0
2015-04-27,0.06,0.07,0.06,0.07,0,0,0
2015-04-28,0.07,0.07,0.06,0.07,0,0,0
2015-04-29,179.35,179.35,179.35,179.35,0,0,0
2015-04-30,0.08,0.08,0.07,0.07,0,0,0
2015-05-01,0.07,0.07,0.07,0.07,0,0,0
2015-05-04,0.08,0.08,0.08,0.08,0,0,0
2015-05-05,181.02,181.02,181.02,181.02,0,0,0
2015-05-06,182.12,182.12,182.12,182.12,0,0,0
2015-05-07,182.1,182.1,182.1,182.1,0,0,0
2015-05-08,181.91,181.91,181.91,181.91,0,0,0
2015-05-11,0.08,0.08,0.07,0.07,0,0,0
2015-05-12,0.09,0.09,0.08,0.08,0,0,0
2015-05-13,186.26,186.26,186.26,186.26,0,0,0
2015-05-14,4.62,5.0,4.62,4.72,340760,0,0
2015-05-15,188.61,188.61,188.61,188.61,0,0,0
2015-05-18,4.66,4.66,4.66,4.66,0,0,0
2015-05-19,183.53,183.53,183.53,183.53,0,0,0
2015-05-20,4.6,4.7,4.55,4.66,672300,0,0
2015-05-21,182.61,182.61,182.61,182.61,0,0,0
2015-05-22,4.75,4.8,4.7,4.8,59406,0,0
2015-05-26,4.72,4.74,4.66,4.7,22685,0,0
2015-05-27,4.7,4.7,4.62,4.66,220566,0,0
2015-05-28,4.67,4.67,4.64,4.64,52300,0,0
2015-05-29,4.65,4.75,4.65,4.69,136831,0,0
2015-06-01,4.79,4.8,4.65,4.66,293775,0,0
2015-06-02,4.7,4.76,4.69,4.73,44756,0,0
2015-06-03,179.01,179.01,179.01,179.01,0,0,0
2015-06-04,177.07,177.07,177.07,177.07,0,0,0
2015-06-05,4.75,4.87,4.73,4.84,236670,0,0
2015-06-08,175.48,175.48,175.48,175.48,0,0,0
2015-06-09,0.06,0.07,0.06,0.06,0,0,0
2015-06-10,173.87,173.87,173.87,173.87,0,0,0
2015-06-11,4.88,4.9,4.75,4.83,271797,0,0
2015-06-12,4.9,4.9,4.77,4.8,4753,0,0
2015-06-15,172.93,172.93,172.93,172.93,0,0,0
2015-06-16,0.07,0.07,0.06,0.07,0,0,0
2015-06-17,4.76,4.84,4.75,4.84,223215,0,0
2015-06-18,173.98,173.98,173.98,173.98,0,0,0
2015-06-19,4.69,4.84,4.69,4.8,27336,0,0
2015-06-22,0.07,0.07,0.06,0.07,0,0,0
2015-06-23,170.81,170.81,170.81,170.81,0,0,0
2015-06-24,170.93,170.93,170.93,170.93,0,0,0
2015-06-25,0.07,0.07,0.07,0.07,0,0,0
2015-06-26,0.07,0.07,0.07,0.07,0,0,0
2015-06-29,4.7,4.77,4.68,4.76,57827,0,0
2015-06-30,167.0,167.0,167.0,167.0,0,0,0
2015-07-01,0.08,0.08,0.08,0.08,0,0,0
2015-07-02,4.75,4.8,4.75,4.77,261667,0,0
2015-07-06,4.69,4.79,4.69,4.74,144843,0,0
2015-07-07,4.75,4.75,4.6,4.61,154512,0,0
2015-07-08,0.09,0.09,0.08,0.08,0,0,0
2015-07-09,0.08,0.09,0.08,0.09,0,0,0
2015-07-10,4.6,4.75,4.6,4.72,27169,0,0
2015-07-13,4.63,4.74,4.63,4.71,56166,0,0
2015-07-14,0.08,0.09,0.08,0.08,0,0,0
2015-07-15,164.74,164.74,164.74,164.74,0,0,0
2015-07-16,0.08,0.08,0.08,0.08,0,0,0
2015-07-17,0.08,0.08,0.08,0.08,0,0,0
2015-07-20,0.08,0.08,0.07,0.08,0,0,0
2015-07-21,0.07,0.08,0.07,0.08,0,0,0
2015-07-22,166.15,166.15,166.15,166.15,0,0,0
2015-07-23,166.88,166.88,166.88,166.88,0,0,0
2015-07-24,0.07,0.07,0.07,0.07,0,0,0
2015-07-27,0.06,0.06,0.06,0.06,0,0,0
2015-07-28,0.07,0.07,0.07,0.07,0,0,0
2015-07-29,0.07,0.07,0.07,0.07,0,0,0
2015-07-30,0.08,0.08,0.07,0.07,0,0,0
2015-07-31,4.02,4.14,3.94,3.96,15108,0,0
2015-08-03,0.05,0.05,0.05,0.05,0,0,0
2015-08-04,0.05,0.05,0.04,0.04,0,0,0
2015-08-05,163.91,163.91,163.91,163.91,0,0,0
2015-08-06,0.04,0.04,0.04,0.04,0,0,0
2015-08-07,0.04,0.04,0.04,0.04,0,0,0
2015-08-10,0.04,0.04,0.04,0.04,0,0,0
2015-08-11,0.04,0.04,0.04,0.04,0,0,0
2015-08-12,0.05,0.05,0.05,0.05,0,0,0
2015-08-13,0.05,0.05,0.05,0.05,0,0,0
2015-08-14,0.05,0.05,0.05,0.05,0,0,0
2015-08-17,0.04,0.05,0.04,0.05,0,0,0
2015-08-18,0.05,0.05,0.04,0.04,0,0,0
2015-08-19,0.04,0.05,0.04,0.05,0,0,0
2015-08-20,0.05,0.05,0.05,0.05,0,0,0
2015-08-21,0.05,0.05,0.05,0.05,0,0,0
2015-08-24,0.05,0.05,0.04,0.04,0,0,0
2015-08-25,3.6,3.76,3.55,3.55,43505,0,0
2015-08-26,167.03,167.03,167.03,167.03,0,0,0
2015-08-27,4.0,4.2,3.88,3.96,1019814,0,0
2015-08-28,165.13,165.13,165.13,165.13,0,0,0
2015-08-31,165.74,165.74,165.74,165.74,0,0,0
2015-09-01,4.15,4.15,3.94,3.96,470052,0,0
2015-09-02,166.9,166.9,166.9,166.9,0,0,0
2015-09-03,164.82,164.82,164.82,164.82,0,0,0
2015-09-04,4.0,4.0,3.86,3.86,519142,0,0
2015-09-08,3.9,4.0,3.9,3.9,22023,0,0
2015-09-09,3.91,3.98,3.9,3.91,145380,0,0
2015-09-10,164.54,164.54,164.54,164.54,0,0,0
2015-09-11,165.76,165.76,165.76,165.76,0,0,0
2015-09-14,3.95,3.95,3.75,3.76,19000,0,0
2015-09-15,160.29,160.29,160.29,160.29,0,0,0
2015-09-16,3.95,4.19,3.95,4.1,257296,0,0
2015-09-17,4.09,4.25,4.08,4.16,79622,0,0
2015-09-18,162.97,162.97,162.97,162.97,0,0,0
2015-09-21,163.17,163.17,163.17,163.17,0,0,0
2015-09-22,4.16,4.29,4.15,4.19,29266,0,0
2015-09-23,161.35,161.35,161.35,161.35,0,0,0
2015-09-24,4.12,4.24,4.1,4.17,176804,0,0
2015-09-25,162.53,162.53,162.53,162.53,0,0,0
2015-09-28,162.62,162.62,162.62,162.62,0,0,0
2015-09-29,162.74,162.74,162.74,162.74,0,0,0
2015-09-30,4.16,4.28,4.16,4.22,41502,0,0
2015-10-01,4.25,4.25,4.2,4.23,291099,0,0
2015-10-02,162.7,162.7,162.7,162.7,0,0,0
2015-10-05,161.95,161.95,161.95,161.95,0,0,0
2015-10-06,162.0,162.0,162.0,162.0,0,0,0
2015-10-07,162.35,162.35,162.35,162.35,0,0,0
2015-10-08,163.47,163.47,163.47,163.47,0,0,0
2015-10-09,164.68,164.68,164.68,164.68,0,0,0
2015-10-12,164.67,164.67,164.67,164.67,0,0,0
2015-10-14,166.31,166.31,166.31,166.31,0,0,0
2015-10-15,4.45,4.47,4.42,4.44,14900,0,0
2015-10-16,4.45,4.49,4.35,4.43,78900,0,0
2015-10-20,164.0,164.0,164.0,164.0,0,0,0
2015-10-21,4.15,4.28,4.15,4.17,34104,0,0
2015-10-22,4.16,4.25,4.16,4.2,32702,0,0
2015-10-23,4.34,4.34,4.16,4.2,39541,0,0
2015-10-28,3.75,4.01,3.63,3.72,285843,0,0
2015-10-30,154.67,154.67,154.67,154.67,0,0,0
2015-11-02,3.6,3.64,3.58,3.6,12515,0,0
2015-11-03,152.21,152.21,152.21,152.21,0,0,0
2015-11-04,149.29,149.29,149.29,149.29,0,0,0
2015-11-06,147.14,147.14,147.14,147.14,0,0,0
2015-11-10,146.93,146.93,146.93,146.93,0,0,0
2015-11-11,3.56,3.59,3.5,3.59,321666,0,0
2015-11-16,146.16,146.16,146.16,146.16,0,0,0
2015-11-17,3.96,3.96,3.62,3.73,205133,0,0
2015-11-19,3.77,3.95,3.77,3.79,6426,0,0
2015-11-20,4.07,4.07,3.8,3.82,120491,0,0
2015-11-23,3.82,3.9,3.82,3.9,39249,0,0
2015-11-30,147.07,147.07,147.07,147.07,0,0,0
2015-12-21,150.15,150.15,150.15,150.15,0,0,0
2015-12-22,150.88,150.88,150.88,150.88,0,0,0
2015-12-23,150.29,150.29,150.29,150.29,0,0,0
2015-12-24,3.57,3.58,3.55,3.58,1467,0,0
2015-12-28,150.66,150.66,150.66,150.66,0,0,0
2015-12-29,3.45,3.7,3.45,3.66,10845,0,0
2015-12-30,151.52,151.52,151.52,151.52,0,0,0
2015-12-31,3.62,3.62,3.62,3.62,0,0,0
2016-01-04,150.74,150.74,150.74,150.74,0,0,0
2016-01-05,3.6,3.9,3.6,3.88,195071,0,0
2016-01-06,3.81,3.81,3.63,3.77,49884,0,0
2016-01-07,3.66,3.73,3.4,3.68,25142,0,0
2016-01-08,3.64,3.74,3.5,3.74,41125,0,0
2016-01-11,147.67,147.67,147.67,147.67,0,0,0
2016-01-12,146.47,146.47,146.47,146.47,0,0,0
2016-01-13,3.55,3.62,3.55,3.58,350664,0,0
2016-01-14,140.22,140.22,140.22,140.22,0,0,0
2016-01-15,141.54,141.54,141.54,141.54,0,0,0
2016-01-19,3.18,3.27,3.18,3.25,435481,0,0
2016-01-20,2.91,3.2,2.91,3.2,65679,0,0
2016-01-21,133.68,133.68,133.68,133.68,0,0,0
2016-01-22,3.45,3.55,3.44,3.51,230250,0,0
2016-01-25,3.6,3.6,3.57,3.6,3800,0,0
2016-01-26,136.16,136.16,136.16,136.16,0,0,0
2016-01-27,136.41,136.41,136.41,136.41,0,0,0
2016-01-28,138.69,138.69,138.69,138.69,0,0,0
2016-01-29,141.69,141.69,141.69,141.69,0,0,0
2016-02-01,143.72,143.72,143.72,143.72,0,0,0
2016-02-02,142.61,142.61,142.61,142.61,0,0,0
2016-02-03,142.58,142.58,142.58,142.58,0,0,0
2016-02-04,144.9,144.9,144.9,144.9,0,0,0
2016-02-05,143.33,143.33,143.33,143.33,0,0,0
2016-02-08,143.21,143.21,143.21,143.21,0,0,0
2016-02-09,3.4,3.44,3.33,3.44,316292,0,0
2016-02-10,142.24,142.24,142.24,142.24,0,0,0
2016-02-11,142.94,142.94,142.94,142.94,0,0,0
2016-02-12,3.42,3.43,3.28,3.38,376345,0,0
2016-02-16,141.67,141.67,141.67,141.67,0,0,0
2016-02-17,3.17,3.4,3.16,3.35,459716,0,0
2016-02-18,137.91,137.91,137.91,137.91,0,0,0
2016-02-19,137.97,137.97,137.97,137.97,0,0,0
2016-02-22,138.85,138.85,138.85,138.85,0,0,0
2016-02-23,138.41,138.41,138.41,138.41,0,0,0
2016-02-24,3.25,3.4,3.25,3.32,102200,0,0
2016-02-25,139.89,139.89,139.89,139.89,0,0,0
2016-02-26,137.63,137.63,137.63,137.63,0,0,0
2016-02-29,3.48,3.48,3.3,3.35,22895,0,0
2016-03-01,136.57,136.57,136.57,136.57,0,0,0
2016-03-02,136.07,136.07,136.07,136.07,0,0,0
2016-03-03,138.19,138.19,138.19,138.19,0,0,0
2016-03-04,139.82,139.82,139.82,139.82,0,0,0
2016-03-07,140.03,140.03,140.03,140.03,0,0,0
2016-03-08,140.48,140.48,140.48,140.48,0,0,0
2016-03-09,140.16,140.16,140.16,140.16,0,0,0
2016-03-10,142.26,142.26,142.26,142.26,0,0,0
2016-03-11,143.76,143.76,143.76,143.76,0,0,0
2016-03-14,142.98,142.98,142.98,142.98,0,0,0
2016-03-15,144.19,144.19,144.19,144.19,0,0,0
2016-03-16,142.66,142.66,142.66,142.66,0,0,0
2016-03-17,145.76,145.76,145.76,145.76,0,0,0
2016-03-18,3.32,3.52,3.32,3.45,487000,0,0
2016-03-21,147.33,147.33,147.33,147.33,0,0,0
2016-03-22,144.73,144.73,144.73,144.73,0,0,0
2016-03-23,144.69,144.69,144.69,144.69,0,0,0
2016-03-24,145.28,145.28,145.28,145.28,0,0,0
2016-03-28,145.15,145.15,145.15,145.15,0,0,0
2016-03-29,142.87,142.87,142.87,142.87,0,0,0
2016-03-30,145.48,145.48,145.48,145.48,0,0,0
2016-03-31,147.63,147.63,147.63,147.63,0,0,0
2016-04-01,145.98,145.98,145.98,145.98,0,0,0
2016-04-04,147.72,147.72,147.72,147.72,0,0,0
2016-04-05,146.03,146.03,146.03,146.03,0,0,0
2016-04-06,146.8,146.8,146.8,146.8,0,0,0
2016-04-07,149.93,149.93,149.93,149.93,0,0,0
2016-04-08,146.88,146.88,146.88,146.88,0,0,0
2016-04-11,146.82,146.82,146.82,146.82,0,0,0
2016-04-12,149.18,149.18,149.18,149.18,0,0,0
2016-04-13,146.41,146.41,146.41,146.41,0,0,0
2016-04-14,145.91,145.91,145.91,145.91,0,0,0
2016-04-15,146.84,146.84,146.84,146.84,0,0,0
2016-04-18,146.77,146.77,146.77,146.77,0,0,0
2016-04-19,147.4,147.4,147.4,147.4,0,0,0
2016-04-20,3.85,4.09,3.75,4.09,16996,0,0
2016-04-21,145.2,145.2,145.2,145.2,0,0,0
2016-04-22,144.75,144.75,144.75,144.75,0,0,0
2016-04-25,145.82,145.82,145.82,145.82,0,0,0
2016-04-26,4.12,4.12,4.1,4.1,2600,0,0
2016-04-27,4.12,4.15,3.95,4.15,170984,0,0
2016-04-28,4.11,4.28,4.07,4.28,73525,0,0
2016-04-29,148.34,148.34,148.34,148.34,0,0,0
2016-05-02,148.34,148.34,148.34,148.34,0,0,0
2016-05-03,148.34,148.34,148.34,148.34,0,0,0
2016-05-04,4.0,4.01,3.83,3.94,279480,0,0
2016-05-05,149.07,149.07,149.07,149.07,0,0,0
2016-05-06,4.0,4.0,3.82,3.95,27600,0,0
2016-05-09,4.0,4.0,4.0,4.0,100,0,0
2016-05-10,3.89,4.0,3.84,3.9,12350,0,0
2016-05-11,3.9,3.95,3.86,3.9,89729,0,0
2016-05-12,3.93,3.95,3.56,3.56,82200,0,0
2016-05-13,151.89,151.89,151.89,151.89,0,0,0
2016-05-16,3.85,4.0,3.85,3.89,62997,0,0
2016-05-17,151.52,151.52,151.52,151.52,0,0,0
2016-05-18,3.7,3.78,3.66,3.7,300905,0,0
2016-05-19,3.67,3.69,3.6,3.68,56124,0,0
2016-05-20,3.7,3.7,3.61,3.69,85100,0,0
2016-05-23,3.69,3.69,3.69,3.69,0,0,0
2016-05-24,147.35,147.35,147.35,147.35,0,0,0
2016-05-25,3.66,3.74,3.65,3.65,8831,0,0
2016-05-26,148.76,148.76,148.76,148.76,0,0,0
2016-05-27,3.73,3.77,3.66,3.73,167905,0,0
2016-05-31,150.61,150.61,150.61,150.61,0,0,0
2016-06-01,152.19,152.19,152.19,152.19,0,0,0
2016-06-02,157.93,157.93,157.93,157.93,0,0,0
2016-06-03,3.66,3.83,3.65,3.83,106651,0,0
2016-06-06,152.96,152.96,152.96,152.96,0,0,0
2016-06-07,153.04,153.04,153.04,153.04,0,0,0
2016-06-08,157.76,157.76,157.76,157.76,0,0,0
2016-06-09,4.0,4.3,3.9,3.96,90185,0,0
2016-06-10,3.94,4.21,3.94,4.1,29033,0,0
2016-06-13,155.54,155.54,155.54,155.54,0,0,0
2016-06-14,153.38,153.38,153.38,153.38,0,0,0
2016-06-15,154.23,154.23,154.23,154.23,0,0,0
2016-06-16,153.45,153.45,153.45,153.45,0,0,0
2016-06-17,153.49,153.49,153.49,153.49,0,0,0
2016-06-20,153.19,153.19,153.19,153.19,0,0,0
2016-06-21,152.58,152.58,152.58,152.58,0,0,0
2016-06-22,152.93,152.93,152.93,152.93,0,0,0
2016-06-23,154.58,154.58,154.58,154.58,0,0,0
2016-06-24,147.86,147.86,147.86,147.86,0,0,0
2016-06-27,144.76,144.76,144.76,144.76,0,0,0
2016-06-28,148.27,148.27,148.27,148.27,0,0,0
2016-06-29,149.09,149.09,149.09,149.09,0,0,0
2016-06-30,3.83,4.06,3.83,4.05,12014,0,0
2016-07-01,148.15,148.15,148.15,148.15,0,0,0
2016-07-05,147.71,147.71,147.71,147.71,0,0,0
2016-07-06,146.47,146.47,146.47,146.47,0,0,0
2016-07-07,3.93,4.0,3.83,3.83,26292,0,0
2016-07-08,147.06,147.06,147.06,147.06,0,0,0
2016-07-11,146.55,146.55,146.55,146.55,0,0,0
2016-07-12,147.81,147.81,147.81,147.81,0,0,0
2016-07-13,148.25,148.25,148.25,148.25,0,0,0
2016-07-14,148.35,148.35,148.35,148.35,0,0,0
2016-07-15,150.9,150.9,150.9,150.9,0,0,0
2016-07-18,147.74,147.74,147.74,147.74,0,0,0
2016-07-19,148.33,148.33,148.33,148.33,0,0,0
2016-07-20,148.6,148.6,148.6,148.6,0,0,0
2016-07-21,148.81,148.81,148.81,148.81,0,0,0
2016-07-22,147.4,147.4,147.4,147.4,0,0,0
2016-07-25,147.66,147.66,147.66,147.66,0,0,0
2016-07-26,147.83,147.83,147.83,147.83,0,0,0
2016-07-27,149.47,149.47,149.47,149.47,0,0,0
2016-07-28,152.74,152.74,152.74,152.74,0,0,0
2016-07-29,160.54,160.54,160.54,160.54,0,0,0
2016-08-01,4.25,4.25,4.25,4.25,0,0,0
2016-08-02,159.83,159.83,159.83,159.83,0,0,0
2016-08-03,4.06,4.15,4.03,4.12,10659,0,0
2016-08-04,153.9,153.9,153.9,153.9,0,0,0
2016-08-05,153.51,153.51,153.51,153.51,0,0,0
2016-08-08,152.28,152.28,152.28,152.28,0,0,0
2016-08-09,151.17,151.17,151.17,151.17,0,0,0
2016-08-10,157.3,157.3,157.3,157.3,0,0,0
2016-08-11,4.05,4.08,3.98,4.08,62200,0,0
2016-08-12,154.98,154.98,154.98,154.98,0,0,0
2016-08-15,3.92,4.19,3.92,4.14,14300,0,0
2016-08-16,4.14,4.31,4.14,4.24,334511,0,0
2016-08-17,4.25,4.32,4.2,4.2,511943,0,0
2016-08-18,153.37,153.37,153.37,153.37,0,0,0
2016-08-19,4.39,4.44,4.22,4.35,394334,0,0
2016-08-22,4.3,4.3,4.12,4.24,151475,0,0
2016-08-23,153.97,153.97,153.97,153.97,0,0,0
2016-08-24,4.3,4.41,4.25,4.26,62141,0,0
2016-08-25,154.52,154.52,154.52,154.52,0,0,0
2016-08-26,4.31,4.31,4.1,4.3,34604,0,0
2016-08-29,152.12,152.12,152.12,152.12,0,0,0
2016-08-30,4.25,4.4,4.25,4.3,25415,0,0
2016-08-31,153.79,153.79,153.79,153.79,0,0,0
2016-09-01,155.0,155.0,155.0,155.0,0,0,0
2016-09-02,154.25,154.25,154.25,154.25,0,0,0
2016-09-06,4.3,4.5,4.3,4.5,2733,0,0
2016-09-07,158.85,158.85,158.85,158.85,0,0,0
2016-09-08,4.65,4.95,4.65,4.85,246896,0,0
2016-09-09,4.9,4.9,4.71,4.75,27750,0,0
2016-09-12,156.49,156.49,156.49,156.49,0,0,0
2016-09-13,4.7,4.75,4.7,4.75,23000,0,0
2016-09-14,156.69,156.69,156.69,156.69,0,0,0
2016-09-15,157.55,157.55,157.55,157.55,0,0,0
2016-09-16,154.49,154.49,154.49,154.49,0,0,0
2016-09-19,157.47,157.47,157.47,157.47,0,0,0
2016-09-20,4.98,5.07,4.9,4.95,15000,0,0
2016-09-21,158.61,158.61,158.61,158.61,0,0,0
2016-09-22,5.0,5.02,4.85,4.95,42585,0,0
2016-09-23,157.7,157.7,157.7,157.7,0,0,0
2016-09-26,4.7,4.87,4.7,4.81,253260,0,0
2016-09-27,157.5,157.5,157.5,157.5,0,0,0
2016-09-28,4.75,4.97,4.7,4.95,264952,0,0
2016-09-29,156.74,156.74,156.74,156.74,0,0,0
2016-09-30,5.0,5.0,4.85,4.85,7123,0,0
2016-10-03,157.64,157.64,157.64,157.64,0,0,0
2016-10-04,157.67,157.67,157.67,157.67,0,0,0
2016-10-05,4.8,5.0,4.77,4.93,8400,0,0
2016-10-06,158.41,158.41,158.41,158.41,0,0,0
2016-10-07,157.83,157.83,157.83,157.83,0,0,0
2016-10-10,158.4,158.4,158.4,158.4,0,0,0
2016-10-11,156.35,156.35,156.35,156.35,0,0,0
2016-10-12,155.25,155.25,155.25,155.25,0,0,0
2016-10-13,155.02,155.02,155.02,155.02,0,0,0
2016-10-14,155.81,155.81,155.81,155.81,0,0,0
2016-10-17,155.71,155.71,155.71,155.71,0,0,0
2016-10-18,156.95,156.95,156.95,156.95,0,0,0
2016-10-19,5.15,5.21,5.06,5.17,87100,0,0
2016-10-20,160.94,160.94,160.94,160.94,0,0,0
2016-10-21,162.58,162.58,162.58,162.58,0,0,0
2016-10-24,163.2,163.2,163.2,163.2,0,0,0
2016-10-25,164.13,164.13,164.13,164.13,0,0,0
2016-10-26,5.0,5.0,4.95,4.95,5796,0,0
2016-10-27,163.76,163.76,163.76,163.76,0,0,0
2016-10-28,164.41,164.41,164.41,164.41,0,0,0
2016-10-31,164.63,164.63,164.63,164.63,0,0,0
2016-11-01,163.71,163.71,163.71,163.71,0,0,0
2016-11-02,162.49,162.49,162.49,162.49,0,0,0
2016-11-03,162.12,162.12,162.12,162.12,0,0,0
2016-11-04,164.78,164.78,164.78,164.78,0,0,0
2016-11-07,160.83,160.83,160.83,160.83,0,0,0
2016-11-08,161.97,161.97,161.97,161.97,0,0,0
2016-11-09,161.9,161.9,161.9,161.9,0,0,0
2016-11-10,159.83,159.83,159.83,159.83,0,0,0
2016-11-11,159.83,159.83,159.83,159.83,0,0,0
2016-11-14,4.85,5.0,4.73,5.0,28100,0,0
2016-11-15,5.0,5.32,5.0,5.32,356933,0,0
2016-11-16,5.32,5.32,5.2,5.28,179500,0,0
2016-11-17,157.29,157.29,157.29,157.29,0,0,0
2016-11-18,5.2,5.2,5.17,5.2,77977,0,0
2016-11-21,5.1,5.38,5.1,5.23,14547,0,0
2016-11-22,5.2,5.38,5.1,5.26,113886,0,0
2016-11-23,159.11,159.11,159.11,159.11,0,0,0
2016-11-25,163.27,163.27,163.27,163.27,0,0,0
2016-11-28,164.21,164.21,164.21,164.21,0,0,0
2016-11-29,5.25,5.33,5.16,5.33,158038,0,0
2016-11-30,5.38,5.65,5.35,5.5,97604,0,0
2016-12-01,5.54,5.66,5.45,5.65,754724,0,0
2016-12-02,5.5,5.58,5.46,5.46,277078,0,0
2016-12-05,5.5,5.6,5.5,5.6,201629,0,0
2016-12-06,5.55,5.62,5.53,5.55,210664,0,0
2016-12-07,5.6,5.6,5.5,5.55,121830,0,0
2016-12-08,5.5,5.54,5.41,5.5,44700,0,0
2016-12-09,169.19,169.19,169.19,169.19,0,0,0
2016-12-12,170.31,170.31,170.31,170.31,0,0,0
2016-12-13,171.81,171.81,171.81,171.81,0,0,0
2016-12-14,169.89,169.89,169.89,169.89,0,0,0
2016-12-15,166.29,166.29,166.29,166.29,0,0,0
2016-12-16,167.28,167.28,167.28,167.28,0,0,0
2016-12-19,166.91,166.91,166.91,166.91,0,0,0
2016-12-20,165.23,165.23,165.23,165.23,0,0,0
2016-12-21,5.14,5.35,5.14,5.27,320286,0,0
2016-12-22,167.28,167.28,167.28,167.28,0,0,0
2016-12-23,165.11,165.11,165.11,165.11,0,0,0
2016-12-27,5.15,5.15,5.15,5.15,0,0,0
2016-12-28,166.07,166.07,166.07,166.07,0,0,0
2016-12-29,5.25,5.25,5.2,5.25,5300,0,0
2016-12-30,166.53,166.53,166.53,166.53,0,0,0
2017-01-03,166.53,166.53,166.53,166.53,0,0,0
2017-01-04,4.88,5.25,4.88,5.2,9868,0,0
2017-01-05,169.43,169.43,169.43,169.43,0,0,0
2017-01-06,168.49,168.49,168.49,168.49,0,0,0
2017-01-09,169.2,169.2,169.2,169.2,0,0,0
2017-01-10,168.0,168.0,168.0,168.0,0,0,0
2017-01-11,164.68,164.68,164.68,164.68,0,0,0
2017-01-12,169.5,169.5,169.5,169.5,0,0,0
2017-01-13,167.85,167.85,167.85,167.85,0,0,0
2017-01-17,4.95,4.95,4.46,4.6,13921,0,0
2017-01-18,168.66,168.66,168.66,168.66,0,0,0
2017-01-19,167.99,167.99,167.99,167.99,0,0,0
2017-01-20,166.87,166.87,166.87,166.87,0,0,0
2017-01-23,167.02,167.02,167.02,167.02,0,0,0
2017-01-24,4.31,4.74,4.3,4.64,683502,0,0
2017-01-25,4.71,4.73,4.33,4.5,17144,0,0
2017-01-26,165.49,165.49,165.49,165.49,0,0,0
2017-01-27,4.37,4.56,4.37,4.56,23282,0,0
2017-01-30,166.24,166.24,166.24,166.24,0,0,0
2017-01-31,167.35,167.35,167.35,167.35,0,0,0
2017-02-01,4.25,4.25,4.22,4.25,67000,0,0
2017-02-02,168.38,168.38,168.38,168.38,0,0,0
2017-02-03,166.77,166.77,166.77,166.77,0,0,0
2017-02-06,167.53,167.53,167.53,167.53,0,0,0
2017-02-07,167.49,167.49,167.49,167.49,0,0,0
2017-02-08,166.64,166.64,166.64,166.64,0,0,0
2017-02-09,167.2,167.2,167.2,167.2,0,0,0
2017-02-10,166.82,166.82,166.82,166.82,0,0,0
2017-02-13,165.75,165.75,165.75,165.75,0,0,0
2017-02-14,4.4,4.52,4.4,4.4,3732,0,0
2017-02-15,166.89,166.89,166.89,166.89,0,0,0
2017-02-16,166.89,166.89,166.89,166.89,0,0,0
2017-02-17,168.39,168.39,168.39,168.39,0,0,0
2017-02-21,166.66,166.66,166.66,166.66,0,0,0
2017-02-22,4.35,4.35,4.21,4.21,27493,0,0
2017-02-23,169.01,169.01,169.01,169.01,0,0,0
2017-02-24,4.25,4.25,4.01,4.17,4630,0,0
2017-02-27,169.64,169.64,169.64,169.64,0,0,0
2017-02-28,4.24,4.24,4.1,4.15,11605,0,0
2017-03-01,4.05,4.24,4.01,4.24,22050,0,0
2017-03-02,4.12,4.24,4.12,4.17,47683,0,0
2017-03-03,4.2,4.39,4.2,4.39,442334,0,0
2017-03-06,173.93,173.93,173.93,173.93,0,0,0
2017-03-07,174.44,174.44,174.44,174.44,0,0,0
2017-03-08,4.4,4.4,4.13,4.2,22700,0,0
2017-03-09,4.07,4.19,4.0,4.15,39930,0,0
2017-03-10,4.01,4.15,4.01,4.15,277080,0,0
2017-03-13,4.0,4.15,3.96,4.02,14157,0,0
2017-03-14,3.85,3.95,3.75,3.85,18417,0,0
2017-03-15,4.0,4.01,3.99,4.0,379404,0,0
2017-03-16,4.0,4.12,4.0,4.12,217179,0,0
2017-03-17,178.63,178.63,178.63,178.63,0,0,0
2017-03-20,178.67,178.67,178.67,178.67,0,0,0
2017-03-21,179.95,179.95,179.95,179.95,0,0,0
2017-03-22,179.83,179.83,179.83,179.83,0,0,0
2017-03-23,177.78,177.78,177.78,177.78,0,0,0
2017-03-24,3.95,3.99,3.82,3.82,190649,0,0
2017-03-27,180.17,180.17,180.17,180.17,0,0,0
2017-03-28,177.32,177.32,177.32,177.32,0,0,0
2017-03-29,176.93,176.93,176.93,176.93,0,0,0
2017-03-30,175.64,175.64,175.64,175.64,0,0,0
2017-03-31,174.07,174.07,174.07,174.07,0,0,0
2017-04-03,172.23,172.23,172.23,172.23,0,0,0
2017-04-04,171.97,171.97,171.97,171.97,0,0,0
2017-04-05,173.36,173.36,173.36,173.36,0,0,0
2017-04-06,4.25,4.25,4.25,4.25,790,0,0
2017-04-07,4.29,4.45,4.25,4.25,2118,0,0
2017-04-10,172.19,172.19,172.19,172.19,0,0,0
2017-04-11,174.72,174.72,174.72,174.72,0,0,0
2017-04-12,175.18,175.18,175.18,175.18,0,0,0
2017-04-13,4.17,4.2,4.15,4.16,18240,0,0
2017-04-17,174.52,174.52,174.52,174.52,0,0,0
2017-04-18,4.1,4.14,4.09,4.13,9147,0,0
2017-04-19,4.08,4.1,3.97,4.1,74995,0,0
2017-04-20,178.1,178.1,178.1,178.1,0,0,0
2017-04-21,177.02,177.02,177.02,177.02,0,0,0
2017-04-24,179.64,179.64,179.64,179.64,0,0,0
2017-04-25,180.73,180.73,180.73,180.73,0,0,0
2017-04-26,3.86,3.91,3.8,3.9,4880,0,0
2017-04-27,178.45,178.45,178.45,178.45,0,0,0
2017-04-28,177.71,177.71,177.71,177.71,0,0,0
2017-05-01,177.71,177.71,177.71,177.71,0,0,0
2017-05-02,177.71,177.71,177.71,177.71,0,0,0
2017-05-03,3.8,3.8,3.79,3.8,54486,0,0
2017-05-04,3.75,3.8,3.75,3.75,3104,0,0
2017-05-05,3.6,3.81,3.6,3.8,48800,0,0
2017-05-08,176.54,176.54,176.54,176.54,0,0,0
2017-05-09,175.55,175.55,175.55,175.55,0,0,0
2017-05-10,177.85,177.85,177.85,177.85,0,0,0
2017-05-11,178.76,178.76,178.76,178.76,0,0,0
2017-05-12,179.92,179.92,179.92,179.92,0,0,0
2017-05-15,181.12,181.12,181.12,181.12,0,0,0
2017-05-16,183.27,183.27,183.27,183.27,0,0,0
2017-05-17,3.92,3.95,3.87,3.91,31500,0,0
2017-05-18,3.9,3.95,3.86,3.9,63866,0,0
2017-05-19,187.04,187.04,187.04,187.04,0,0,0
2017-05-22,188.88,188.88,188.88,188.88,0,0,0
2017-05-23,187.97,187.97,187.97,187.97,0,0,0
2017-05-24,186.51,186.51,186.51,186.51,0,0,0
2017-05-25,187.36,187.36,187.36,187.36,0,0,0
2017-05-26,181.08,181.08,181.08,181.08,0,0,0
2017-05-30,182.65,182.65,182.65,182.65,0,0,0
2017-05-31,185.55,185.55,185.55,185.55,0,0,0
2017-06-01,183.08,183.08,183.08,183.08,0,0,0
2017-06-02,184.02,184.02,184.02,184.02,0,0,0
2017-06-05,183.35,183.35,183.35,183.35,0,0,0
2017-06-06,182.93,182.93,182.93,182.93,0,0,0
2017-06-07,184.17,184.17,184.17,184.17,0,0,0
2017-06-08,182.66,182.66,182.66,182.66,0,0,0
2017-06-09,182.36,182.36,182.36,182.36,0,0,0
2017-06-12,184.19,184.19,184.19,184.19,0,0,0
2017-06-13,182.72,182.72,182.72,182.72,0,0,0
2017-06-14,184.73,184.73,184.73,184.73,0,0,0
2017-06-15,182.96,182.96,182.96,182.96,0,0,0
2017-06-16,181.81,181.81,181.81,181.81,0,0,0
2017-06-19,180.14,180.14,180.14,180.14,0,0,0
2017-06-20,178.38,178.38,178.38,178.38,0,0,0
2017-06-21,3.82,4.0,3.82,4.0,2600,0,0
2017-06-22,179.99,179.99,179.99,179.99,0,0,0
2017-06-23,3.92,3.97,3.92,3.97,286110,0,0
2017-06-26,4.01,4.05,4.01,4.05,17485,0,0
2017-06-27,183.37,183.37,183.37,183.37,0,0,0
2017-06-28,185.01,185.01,185.01,185.01,0,0,0
2017-06-29,4.09,4.1,4.04,4.04,15170,0,0
2017-06-30,186.6,186.6,186.6,186.6,0,0,0
2017-07-03,186.63,186.63,186.63,186.63,0,0,0
2017-07-05,4.02,4.12,4.02,4.1,6927,0,0
2017-07-06,186.81,186.81,186.81,186.81,0,0,0
2017-07-07,3.93,3.93,3.9,3.9,38306,0,0
2017-07-10,189.11,189.11,189.11,189.11,0,0,0
2017-07-11,3.9,3.91,3.9,3.91,130800,0,0
2017-07-12,190.1,190.1,190.1,190.1,0,0,0
2017-07-13,189.3,189.3,189.3,189.3,0,0,0
2017-07-14,4.05,4.05,4.0,4.0,1445,0,0
2017-07-17,189.14,189.14,189.14,189.14,0,0,0
2017-07-18,188.59,188.59,188.59,188.59,0,0,0
2017-07-19,188.71,188.71,188.71,188.71,0,0,0
2017-07-20,189.18,189.18,189.18,189.18,0,0,0
2017-07-21,191.95,191.95,191.95,191.95,0,0,0
2017-07-24,193.59,193.59,193.59,193.59,0,0,0
2017-07-25,194.08,194.08,194.08,194.08,0,0,0
2017-07-26,193.49,193.49,193.49,193.49,0,0,0
2017-07-27,195.63,195.63,195.63,195.63,0,0,0
2017-07-28,198.35,198.35,198.35,198.35,0,0,0
2017-07-31,197.93,197.93,197.93,197.93,0,0,0
2017-08-01,198.34,198.34,198.34,198.34,0,0,0
2017-08-02,194.39,194.39,194.39,194.39,0,0,0
2017-08-03,197.9,197.9,197.9,197.9,0,0,0
2017-08-04,199.26,199.26,199.26,199.26,0,0,0
2017-08-07,4.1,4.1,4.1,4.1,0,0,0
2017-08-08,195.82,195.82,195.82,195.82,0,0,0
2017-08-09,194.53,194.53,194.53,194.53,0,0,0
2017-08-10,195.36,195.36,195.36,195.36,0,0,0
2017-08-11,3.85,3.91,3.78,3.85,2400,0,0
2017-08-14,3.93,3.93,3.85,3.86,5000,0,0
2017-08-15,194.33,194.33,194.33,194.33,0,0,0
2017-08-16,3.75,3.78,3.67,3.78,59692,0,0
2017-08-17,196.09,196.09,196.09,196.09,0,0,0
2017-08-18,196.53,196.53,196.53,196.53,0,0,0
2017-08-21,197.52,197.52,197.52,197.52,0,0,0
2017-08-22,3.7,3.7,3.68,3.68,211600,0,0
2017-08-23,196.12,196.12,196.12,196.12,0,0,0
2017-08-24,3.64,3.64,3.5,3.53,9150,0,0
2017-08-25,3.49,3.5,3.25,3.5,24100,0,0
2017-08-28,199.23,199.23,199.23,199.23,0,0,0
2017-08-29,3.4,3.48,3.31,3.48,13223,0,0
2017-08-30,199.06,199.06,199.06,199.06,0,0,0
2017-08-31,198.98,198.98,198.98,198.98,0,0,0
2017-09-01,3.46,3.52,3.45,3.51,12901,0,0
2017-09-05,3.52,3.58,3.5,3.52,13675,0,0
2017-09-06,3.64,3.64,3.5,3.5,33400,0,0
2017-09-07,201.21,201.21,201.21,201.21,0,0,0
2017-09-08,200.85,200.85,200.85,200.85,0,0,0
2017-09-11,3.35,3.4,3.35,3.4,1009,0,0
2017-09-12,200.22,200.22,200.22,200.22,0,0,0
2017-09-13,3.4,3.4,3.4,3.4,491000,0,0
2017-09-14,3.4,3.49,3.3,3.47,13236,0,0
2017-09-15,3.49,3.49,3.39,3.49,20514,0,0
2017-09-18,203.06,203.06,203.06,203.06,0,0,0
2017-09-19,3.5,3.66,3.5,3.66,2787,0,0
2017-09-20,202.72,202.72,202.72,202.72,0,0,0
2017-09-21,202.27,202.27,202.27,202.27,0,0,0
2017-09-22,201.78,201.78,201.78,201.78,0,0,0
2017-09-25,199.79,199.79,199.79,199.79,0,0,0
2017-09-26,3.52,3.54,3.41,3.5,617300,0,0
2017-09-27,3.5,3.5,3.5,3.5,0,0,0
2017-09-28,3.5,3.7,3.5,3.7,11190,0,0
2017-09-29,198.12,198.12,198.12,198.12,0,0,0
2017-10-02,197.0,197.0,197.0,197.0,0,0,0
2017-10-03,197.2,197.2,197.2,197.2,0,0,0
2017-10-04,197.44,197.44,197.44,197.44,0,0,0
2017-10-05,3.5,3.53,3.5,3.53,3100,0,0
2017-10-06,198.59,198.59,198.59,198.59,0,0,0
2017-10-09,198.12,198.12,198.12,198.12,0,0,0
2017-10-10,3.4,3.41,3.3,3.3,40303,0,0
2017-10-11,3.26,3.37,3.26,3.29,40260,0,0
2017-10-12,3.21,3.32,3.21,3.3,22015,0,0
2017-10-13,3.28,3.3,3.21,3.24,36500,0,0
2017-10-16,3.2,3.2,3.19,3.2,4273,0,0
2017-10-17,3.2,3.36,3.2,3.36,5300,0,0
2017-10-18,3.3,3.47,3.27,3.34,5700,0,0
2017-10-19,3.37,3.41,3.35,3.4,7300,0,0
2017-10-20,3.35,3.35,3.3,3.35,8800,0,0
2017-10-23,3.35,3.41,3.35,3.38,6600,0,0
2017-10-24,3.5,3.5,3.42,3.45,15100,0,0
2017-10-25,3.26,3.45,3.14,3.3,31634,0,0
2017-10-26,3.32,3.32,3.15,3.3,9300,0,0
2017-10-27,3.25,3.35,3.25,3.31,30007,0,0
2017-10-30,3.28,3.33,3.15,3.28,42870,0,0
2017-10-31,3.32,3.4,3.28,3.4,21790,0,0
2017-11-01,3.36,3.48,3.35,3.45,81588,0,0
2017-11-02,3.46,3.46,3.45,3.45,1011,0,0
2017-11-03,3.51,3.51,3.45,3.45,3300,0,0
2017-11-06,3.45,3.67,3.45,3.67,46440,0,0
2017-11-07,3.65,3.76,3.64,3.68,61146,0,0
2017-11-08,3.67,3.7,3.63,3.67,18200,0,0
2017-11-09,3.67,3.71,3.67,3.69,34900,0,0
2017-11-10,3.67,3.67,3.52,3.6,90800,0,0
2017-11-13,3.63,3.63,3.57,3.6,10050,0,0
2017-11-14,3.59,3.6,3.47,3.6,46463,0,0
2017-11-15,3.5,3.5,3.15,3.4,552600,0,0
2017-11-16,3.41,3.41,3.14,3.3,410589,0,0
2017-11-17,3.32,3.4,3.3,3.35,74392,0,0
2017-11-20,3.4,3.4,3.3,3.32,13857,0,0
2017-11-21,3.36,3.36,3.16,3.3,209319,0,0
2017-11-22,3.32,3.35,3.14,3.24,289161,0,0
2017-11-24,3.14,3.2,3.14,3.2,10557,0,0
2017-11-27,3.16,3.16,2.9,2.98,21200,0,0
2017-11-28,3.01,3.05,2.82,2.94,16750,0,0
2017-11-29,2.9,2.9,2.46,2.74,46830,0,0
2017-11-30,2.74,2.92,2.65,2.78,137222,0,0
2017-12-01,2.73,2.89,2.73,2.84,14447,0,0
2017-12-04,2.85,2.92,2.81,2.88,291145,0,0
2017-12-05,2.75,2.87,2.75,2.81,9501,0,0
2017-12-06,2.76,2.87,2.75,2.85,92446,0,0
2017-12-07,2.78,2.8,2.48,2.75,1077729,0,0
2017-12-08,2.7,2.73,2.64,2.73,48800,0,0
2017-12-11,2.73,2.73,2.67,2.7,4748,0,0
2017-12-12,2.64,2.69,2.57,2.68,68549,0,0
2017-12-13,2.65,2.67,2.6,2.63,17023,0,0
2017-12-14,2.61,2.65,2.55,2.62,19863,0,0
2017-12-15,2.6,2.63,2.5,2.55,50754,0,0
2017-12-18,2.41,2.54,2.41,2.47,61646,0,0
2017-12-19,2.49,2.6,2.47,2.6,86100,0,0
2017-12-20,2.48,2.67,2.48,2.64,16834,0,0
2017-12-21,2.64,2.76,2.64,2.74,90322,0,0
2017-12-22,2.73,2.73,2.56,2.58,40180,0,0
2017-12-26,2.58,2.58,2.58,2.58,0,0,0
2017-12-27,2.59,2.59,2.52,2.55,101939,0,0
2017-12-28,2.55,2.62,2.5,2.62,195961,0,0
2017-12-29,2.65,2.75,2.65,2.7,109539,0,0
2018-01-02,211.98,211.98,211.98,211.98,0,0,0
2018-01-03,208.84,208.84,208.84,208.84,0,0,0
2018-01-04,209.19,209.19,209.19,209.19,0,0,0
2018-01-05,205.78,205.78,205.78,205.78,0,0,0
2018-01-08,213.09,213.09,213.09,213.09,0,0,0
2018-01-09,212.31,212.31,212.31,212.31,0,0,0
2018-01-10,211.43,211.43,211.43,211.43,0,0,0
2018-01-11,214.36,214.36,214.36,214.36,0,0,0
2018-01-12,218.7,218.7,218.7,218.7,0,0,0
2018-01-16,221.33,221.33,221.33,221.33,0,0,0
2018-01-17,220.04,220.04,220.04,220.04,0,0,0
2018-01-18,221.54,221.54,221.54,221.54,0,0,0
2018-01-19,222.15,222.15,222.15,222.15,0,0,0
2018-01-22,222.81,222.81,222.81,222.81,0,0,0
2018-01-23,224.43,224.43,224.43,224.43,0,0,0
2018-01-24,225.81,225.81,225.81,225.81,0,0,0
2018-01-25,229.31,229.31,229.31,229.31,0,0,0
2018-01-26,229.56,229.56,229.56,229.56,0,0,0
2018-01-29,224.2,224.2,224.2,224.2,0,0,0
2018-01-30,225.04,225.04,225.04,225.04,0,0,0
2018-01-31,226.66,226.66,226.66,226.66,0,0,0
2018-02-01,228.55,228.55,228.55,228.55,0,0,0
2018-02-02,227.94,227.94,227.94,227.94,0,0,0
2018-02-05,227.21,227.21,227.21,227.21,0,0,0
2018-02-06,226.76,226.76,226.76,226.76,0,0,0
2018-02-07,223.65,223.65,223.65,223.65,0,0,0
2018-02-08,222.35,222.35,222.35,222.35,0,0,0
2018-02-09,220.43,220.43,220.43,220.43,0,0,0
2018-02-12,222.12,222.12,222.12,222.12,0,0,0
2018-02-13,223.49,223.49,223.49,223.49,0,0,0
2018-02-14,222.05,222.05,222.05,222.05,0,0,0
2018-02-15,222.05,222.05,222.05,222.05,0,0,0
2018-02-16,222.05,222.05,222.05,222.05,0,0,0
2018-02-20,219.8,219.8,219.8,219.8,0,0,0
2018-02-21,220.24,220.24,220.24,220.24,0,0,0
2018-02-22,219.36,219.36,219.36,219.36,0,0,0
2018-02-23,219.01,219.01,219.01,219.01,0,0,0
2018-02-26,218.61,218.61,218.61,218.61,0,0,0
2018-02-27,217.5,217.5,217.5,217.5,0,0,0
2018-02-28,216.34,216.34,216.34,216.34,0,0,0
2018-03-01,215.8,215.8,215.8,215.8,0,0,0
2018-03-02,217.22,217.22,217.22,217.22,0,0,0
2018-03-05,218.88,218.88,218.88,218.88,0,0,0
2018-03-06,217.5,217.5,217.5,217.5,0,0,0
2018-03-07,216.42,216.42,216.42,216.42,0,0,0
2018-03-08,215.76,215.76,215.76,215.76,0,0,0
2018-03-09,217.42,217.42,217.42,217.42,0,0,0
2018-03-12,215.68,215.68,215.68,215.68,0,0,0
2018-03-13,216.88,216.88,216.88,216.88,0,0,0
2018-03-14,215.7,215.7,215.7,215.7,0,0,0
2018-03-15,216.59,216.59,216.59,216.59,0,0,0
2018-03-16,217.2,217.2,217.2,217.2,0,0,0
2018-03-19,217.33,217.33,217.33,217.33,0,0,0
2018-03-20,219.0,219.0,219.0,219.0,0,0,0
2018-03-21,218.94,218.94,218.94,218.94,0,0,0
2018-03-22,220.83,220.83,220.83,220.83,0,0,0
2018-03-23,221.59,221.59,221.59,221.59,0,0,0
2018-03-26,218.82,218.82,218.82,218.82,0,0,0
2018-03-27,218.81,218.81,218.81,218.81,0,0,0
2018-03-28,217.79,217.79,217.79,217.79,0,0,0
2018-03-29,215.51,215.51,215.51,215.51,0,0,0
2018-04-02,216.77,216.77,216.77,216.77,0,0,0
2018-04-03,216.34,216.34,216.34,216.34,0,0,0
2018-04-04,216.9,216.9,216.9,216.9,0,0,0
2018-04-05,214.14,214.14,214.14,214.14,0,0,0
2018-04-10,214.04,214.04,214.04,214.04,0,0,0
2018-04-11,215.73,215.73,215.73,215.73,0,0,0
2018-04-12,215.16,215.16,215.16,215.16,0,0,0
2018-04-13,216.35,216.35,216.35,216.35,0,0,0
2018-04-16,217.34,217.34,217.34,217.34,0,0,0
2018-04-17,216.42,216.42,216.42,216.42,0,0,0
2018-04-18,216.36,216.36,216.36,216.36,0,0,0
2018-04-19,217.24,217.24,217.24,217.24,0,0,0
2018-04-20,215.85,215.85,215.85,215.85,0,0,0
2018-04-23,214.97,214.97,214.97,214.97,0,0,0
2018-04-24,215.0,215.0,215.0,215.0,0,0,0
2018-04-25,216.07,216.07,216.07,216.07,0,0,0
2018-04-26,212.81,212.81,212.81,212.81,0,0,0
2018-04-27,212.57,212.57,212.57,212.57,0,0,0
2018-04-30,212.04,212.04,212.04,212.04,0,0,0
2018-05-03,209.9,209.9,209.9,209.9,0,0,0
2018-05-04,209.94,209.94,209.94,209.94,0,0,0
2018-05-07,209.52,209.52,209.52,209.52,0,0,0
2018-05-08,206.98,206.98,206.98,206.98,0,0,0
2018-05-09,207.59,207.59,207.59,207.59,0,0,0
2018-05-10,208.08,208.08,208.08,208.08,0,0,0
2018-05-11,209.12,209.12,209.12,209.12,0,0,0
2018-05-14,209.85,209.85,209.85,209.85,0,0,0
2018-05-15,209.61,209.61,209.61,209.61,0,0,0
2018-05-16,208.84,208.84,208.84,208.84,0,0,0
2018-05-17,209.26,209.26,209.26,209.26,0,0,0
2018-05-18,208.67,208.67,208.67,208.67,0,0,0
2018-05-21,209.01,209.01,209.01,209.01,0,0,0
2018-05-22,208.74,208.74,208.74,208.74,0,0,0
2018-05-23,208.16,208.16,208.16,208.16,0,0,0
2018-05-24,208.01,208.01,208.01,208.01,0,0,0
2018-05-25,206.62,206.62,206.62,206.62,0,0,0
2018-05-29,204.45,204.45,204.45,204.45,0,0,0
2018-05-30,203.0,203.0,203.0,203.0,0,0,0
2018-05-31,206.53,206.53,206.53,206.53,0,0,0
2018-06-01,206.62,206.62,206.62,206.62,0,0,0
2018-06-04,209.69,209.69,209.69,209.69,0,0,0
2018-06-05,209.33,209.33,209.33,209.33,0,0,0
2018-06-06,209.69,209.69,209.69,209.69,0,0,0
2018-06-07,208.8,208.8,208.8,208.8,0,0,0
2018-06-08,205.66,205.66,205.66,205.66,0,0,0
2018-06-11,207.25,207.25,207.25,207.25,0,0,0
2018-06-12,205.71,205.71,205.71,205.71,0,0,0
2018-06-13,205.39,205.39,205.39,205.39,0,0,0
2018-06-14,203.86,203.86,203.86,203.86,0,0,0
2018-06-15,202.61,202.61,202.61,202.61,0,0,0
2018-06-18,204.18,204.18,204.18,204.18,0,0,0
2018-06-19,201.97,201.97,201.97,201.97,0,0,0
2018-06-20,203.24,203.24,203.24,203.24,0,0,0
2018-06-21,202.85,202.85,202.85,202.85,0,0,0
2018-06-22,202.32,202.32,202.32,202.32,0,0,0
2018-06-25,203.17,203.17,203.17,203.17,0,0,0
2018-06-26,203.45,203.45,203.45,203.45,0,0,0
2018-06-27,202.62,202.62,202.62,202.62,0,0,0
2018-06-28,202.87,202.87,202.87,202.87,0,0,0
2018-06-29,205.11,205.11,205.11,205.11,0,0,0
2018-07-02,206.38,206.38,206.38,206.38,0,0,0
2018-07-03,206.48,206.48,206.48,206.48,0,0,0
2018-07-05,205.74,205.74,205.74,205.74,0,0,0
2018-07-06,207.88,207.88,207.88,207.88,0,0,0
2018-07-09,206.12,206.12,206.12,206.12,0,0,0
2018-07-10,206.23,206.23,206.23,206.23,0,0,0
2018-07-11,204.99,204.99,204.99,204.99,0,0,0
2018-07-12,205.13,205.13,205.13,205.13,0,0,0
2018-07-13,204.5,204.5,204.5,204.5,0,0,0
2018-07-16,204.95,204.95,204.95,204.95,0,0,0
2018-07-17,205.31,205.31,205.31,205.31,0,0,0
2018-07-18,206.4,206.4,206.4,206.4,0,0,0
2018-07-19,203.67,203.67,203.67,203.67,0,0,0
2018-07-20,208.15,208.15,208.15,208.15,0,0,0
2018-07-23,201.96,201.96,201.96,201.96,0,0,0
2018-07-24,203.61,203.61,203.61,203.61,0,0,0
2018-07-25,206.81,206.81,206.81,206.81,0,0,0
2018-07-26,213.13,213.13,213.13,213.13,0,0,0
2018-07-27,208.37,208.37,208.37,208.37,0,0,0
2018-07-30,208.05,208.05,208.05,208.05,0,0,0
2018-07-31,207.53,207.53,207.53,207.53,0,0,0
2018-08-01,208.95,208.95,208.95,208.95,0,0,0
2018-08-02,206.94,206.94,206.94,206.94,0,0,0
2018-08-03,207.18,207.18,207.18,207.18,0,0,0
2018-08-06,206.4,206.4,206.4,206.4,0,0,0
2018-08-07,207.22,207.22,207.22,207.22,0,0,0
2018-08-08,207.32,207.32,207.32,207.32,0,0,0
2018-08-09,207.72,207.72,207.72,207.72,0,0,0
2018-08-10,203.56,203.56,203.56,203.56,0,0,0
2018-08-13,203.3,203.3,203.3,203.3,0,0,0
2018-08-14,202.63,202.63,202.63,202.63,0,0,0
2018-08-15,199.77,199.77,199.77,199.77,0,0,0
2018-08-16,200.43,200.43,200.43,200.43,0,0,0
2018-08-17,200.96,200.96,200.96,200.96,0,0,0
2018-08-20,201.07,201.07,201.07,201.07,0,0,0
2018-08-21,202.36,202.36,202.36,202.36,0,0,0
2018-08-22,203.29,203.29,203.29,203.29,0,0,0
2018-08-23,203.25,203.25,203.25,203.25,0,0,0
2018-08-24,204.04,204.04,204.04,204.04,0,0,0
2018-08-27,206.27,206.27,206.27,206.27,0,0,0
2018-08-28,206.31,206.31,206.31,206.31,0,0,0
2018-08-29,206.01,206.01,206.01,206.01,0,0,0
2018-08-30,204.61,204.61,204.61,204.61,0,0,0
2018-08-31,204.96,204.96,204.96,204.96,0,0,0
2018-09-04,200.83,200.83,200.83,200.83,0,0,0
2018-09-05,202.04,202.04,202.04,202.04,0,0,0
2018-09-06,201.57,201.57,201.57,201.57,0,0,0
2018-09-07,201.42,201.42,201.42,201.42,0,0,0
2018-09-10,200.62,200.62,200.62,200.62,0,0,0
2018-09-11,200.0,200.0,200.0,200.0,0,0,0
2018-09-12,201.21,201.21,201.21,201.21,0,0,0
2018-09-13,201.8,201.8,201.8,201.8,0,0,0
2018-09-14,202.05,202.05,202.05,202.05,0,0,0
2018-09-17,202.43,202.43,202.43,202.43,0,0,0
2018-09-18,203.3,203.3,203.3,203.3,0,0,0
2018-09-19,204.05,204.05,204.05,204.05,0,0,0
2018-09-20,205.07,205.07,205.07,205.07,0,0,0
2018-09-21,206.32,206.32,206.32,206.32,0,0,0
2018-09-24,205.31,205.31,205.31,205.31,0,0,0
2018-09-25,204.45,204.45,204.45,204.45,0,0,0
2018-09-26,202.87,202.87,202.87,202.87,0,0,0
2018-09-27,202.8,202.8,202.8,202.8,0,0,0
2018-09-28,200.27,200.27,200.27,200.27,0,0,0
2018-10-01,199.97,199.97,199.97,199.97,0,0,0
2018-10-02,200.27,200.27,200.27,200.27,0,0,0
2018-10-03,200.23,200.23,200.23,200.23,0,0,0
2018-10-04,201.89,201.89,201.89,201.89,0,0,0
2018-10-05,200.62,200.62,200.62,200.62,0,0,0
2018-10-08,197.95,197.95,197.95,197.95,0,0,0
2018-10-09,199.72,199.72,199.72,199.72,0,0,0
2018-10-10,201.68,201.68,201.68,201.68,0,0,0
2018-10-11,202.47,202.47,202.47,202.47,0,0,0
2018-10-12,202.35,202.35,202.35,202.35,0,0,0
2018-10-15,202.31,202.31,202.31,202.31,0,0,0
2018-10-16,202.78,202.78,202.78,202.78,0,0,0
2018-10-17,202.71,202.71,202.71,202.71,0,0,0
2018-10-18,204.47,204.47,204.47,204.47,0,0,0
2018-10-19,203.03,203.03,203.03,203.03,0,0,0
2018-10-22,202.55,202.55,202.55,202.55,0,0,0
2018-10-23,201.46,201.46,201.46,201.46,0,0,0
2018-10-24,200.86,200.86,200.86,200.86,0,0,0
2018-10-25,205.67,205.67,205.67,205.67,0,0,0
2018-10-26,205.19,205.19,205.19,205.19,0,0,0
2018-10-29,201.11,201.11,201.11,201.11,0,0,0
2018-10-30,200.75,200.75,200.75,200.75,0,0,0
2018-10-31,202.6,202.6,202.6,202.6,0,0,0
2018-11-01,204.11,204.11,204.11,204.11,0,0,0
2018-11-02,203.08,203.08,203.08,203.08,0,0,0
2018-11-05,202.55,202.55,202.55,202.55,0,0,0
2018-11-06,202.82,202.82,202.82,202.82,0,0,0
2018-11-07,205.39,205.39,205.39,205.39,0,0,0
2018-11-08,206.02,206.02,206.02,206.02,0,0,0
2018-11-09,203.51,203.51,203.51,203.51,0,0,0
2018-11-12,203.51,203.51,203.51,203.51,0,0,0
2018-11-13,202.12,202.12,202.12,202.12,0,0,0
2018-11-14,202.74,202.74,202.74,202.74,0,0,0
2018-11-15,205.36,205.36,205.36,205.36,0,0,0
2018-11-16,205.62,205.62,205.62,205.62,0,0,0
2018-11-19,206.04,206.04,206.04,206.04,0,0,0
2018-11-20,203.99,203.99,203.99,203.99,0,0,0
2018-11-21,203.36,203.36,203.36,203.36,0,0,0
2018-11-23,202.5,202.5,202.5,202.5,0,0,0
2018-11-26,204.66,204.66,204.66,204.66,0,0,0
2018-11-27,201.66,201.66,201.66,201.66,0,0,0
2018-11-28,201.43,201.43,201.43,201.43,0,0,0
2018-11-29,203.7,203.7,203.7,203.7,0,0,0
2018-11-30,204.8,204.8,204.8,204.8,0,0,0
2018-12-03,202.43,202.43,202.43,202.43,0,0,0
2018-12-04,202.82,202.82,202.82,202.82,0,0,0
2018-12-06,203.31,203.31,203.31,203.31,0,0,0
2018-12-07,205.59,205.59,205.59,205.59,0,0,0
2018-12-10,203.48,203.48,203.48,203.48,0,0,0
2018-12-11,206.17,206.17,206.17,206.17,0,0,0
2018-12-13,206.58,206.58,206.58,206.58,0,0,0
2018-12-14,204.14,204.14,204.14,204.14,0,0,0
2018-12-17,205.24,205.24,205.24,205.24,0,0,0
2018-12-18,207.69,207.69,207.69,207.69,0,0,0
2018-12-19,211.63,211.63,211.63,211.63,0,0,0
2018-12-20,208.03,208.03,208.03,208.03,0,0,0
2018-12-21,207.5,207.5,207.5,207.5,0,0,0
2018-12-24,208.78,208.78,208.78,208.78,0,0,0
2018-12-26,208.92,208.92,208.92,208.92,0,0,0
2018-12-27,216.96,216.96,216.96,216.96,0,0,0
2018-12-28,216.66,216.66,216.66,216.66,0,0,0
2018-12-31,216.66,216.66,216.66,216.66,0,0,0
